timestamp,server,total_memory_mb,used_memory_mb,free_memory_mb,memory_utilization_percent
2025-01-01 00:00:00,server-2,32768,23471,9296,71.63
2025-01-01 00:05:00,server-2,32768,25144,7623,76.73
2025-01-01 00:10:00,server-2,32768,21892,10875,66.81
2025-01-01 00:15:00,server-2,32768,17049,15718,52.03
2025-01-01 00:20:00,server-2,32768,22608,10159,69.0
2025-01-01 00:25:00,server-2,32768,19164,13603,58.49
2025-01-01 00:30:00,server-2,32768,19567,13200,59.71
2025-01-01 00:35:00,server-2,32768,23220,9547,70.86
2025-01-01 00:40:00,server-2,32768,25356,7411,77.38
2025-01-01 00:45:00,server-2,32768,21368,11399,65.21
2025-01-01 00:50:00,server-2,32768,22311,10456,68.09
2025-01-01 00:55:00,server-2,32768,26877,5890,82.02
2025-01-01 01:00:00,server-2,32768,22088,10679,67.41
2025-01-01 01:05:00,server-2,32768,29824,2943,91.02
2025-01-01 01:10:00,server-2,32768,23152,9615,70.66
2025-01-01 01:15:00,server-2,32768,15529,17238,47.39
2025-01-01 01:20:00,server-2,32768,23767,9000,72.53
2025-01-01 01:25:00,server-2,32768,22548,10219,68.81
2025-01-01 01:30:00,server-2,32768,25525,7242,77.9
2025-01-01 01:35:00,server-2,32768,23505,9262,71.73
2025-01-01 01:40:00,server-2,32768,20845,11922,63.62
2025-01-01 01:45:00,server-2,32768,17287,15480,52.76
2025-01-01 01:50:00,server-2,32768,20614,12153,62.91
2025-01-01 01:55:00,server-2,32768,18512,14255,56.49
2025-01-01 02:00:00,server-2,32768,19396,13371,59.19
2025-01-01 02:05:00,server-2,32768,23227,9540,70.89
2025-01-01 02:10:00,server-2,32768,26771,5996,81.7
2025-01-01 02:15:00,server-2,32768,22592,10175,68.95
2025-01-01 02:20:00,server-2,32768,17380,15387,53.04
2025-01-01 02:25:00,server-2,32768,22756,10011,69.45
2025-01-01 02:30:00,server-2,32768,25220,7547,76.97
2025-01-01 02:35:00,server-2,32768,19301,13466,58.9
2025-01-01 02:40:00,server-2,32768,20860,11907,63.66
2025-01-01 02:45:00,server-2,32768,21347,11420,65.15
2025-01-01 02:50:00,server-2,32768,18727,14040,57.15
2025-01-01 02:55:00,server-2,32768,23423,9344,71.48
2025-01-01 03:00:00,server-2,32768,20902,11865,63.79
2025-01-01 03:05:00,server-2,32768,22673,10094,69.2
2025-01-01 03:10:00,server-2,32768,18391,14376,56.13
2025-01-01 03:15:00,server-2,32768,19865,12902,60.63
2025-01-01 03:20:00,server-2,32768,23666,9101,72.22
2025-01-01 03:25:00,server-2,32768,20077,12690,61.27
2025-01-01 03:30:00,server-2,32768,26958,5809,82.27
2025-01-01 03:35:00,server-2,32768,19989,12778,61.0
2025-01-01 03:40:00,server-2,32768,22035,10732,67.25
2025-01-01 03:45:00,server-2,32768,24355,8412,74.33
2025-01-01 03:50:00,server-2,32768,16651,16116,50.82
2025-01-01 03:55:00,server-2,32768,15529,17238,47.39
2025-01-01 04:00:00,server-2,32768,16299,16468,49.74
2025-01-01 04:05:00,server-2,32768,25436,7331,77.63
2025-01-01 04:10:00,server-2,32768,19490,13277,59.48
2025-01-01 04:15:00,server-2,32768,29681,3086,90.58
2025-01-01 04:20:00,server-2,32768,19450,13317,59.36
2025-01-01 04:25:00,server-2,32768,21903,10864,66.85
2025-01-01 04:30:00,server-2,32768,26352,6415,80.42
2025-01-01 04:35:00,server-2,32768,27872,4895,85.06
2025-01-01 04:40:00,server-2,32768,28054,4713,85.62
2025-01-01 04:45:00,server-2,32768,25258,7509,77.08
2025-01-01 04:50:00,server-2,32768,24654,8113,75.24
2025-01-01 04:55:00,server-2,32768,23240,9527,70.93
2025-01-01 05:00:00,server-2,32768,23849,8918,72.78
2025-01-01 05:05:00,server-2,32768,19493,13274,59.49
2025-01-01 05:10:00,server-2,32768,18618,14149,56.82
2025-01-01 05:15:00,server-2,32768,21288,11479,64.97
2025-01-01 05:20:00,server-2,32768,20741,12026,63.3
2025-01-01 05:25:00,server-2,32768,19814,12953,60.47
2025-01-01 05:30:00,server-2,32768,23581,9186,71.96
2025-01-01 05:35:00,server-2,32768,24429,8338,74.55
2025-01-01 05:40:00,server-2,32768,21588,11179,65.88
2025-01-01 05:45:00,server-2,32768,26140,6627,79.78
2025-01-01 05:50:00,server-2,32768,17558,15209,53.58
2025-01-01 05:55:00,server-2,32768,20664,12103,63.06
2025-01-01 06:00:00,server-2,32768,18950,13817,57.83
2025-01-01 06:05:00,server-2,32768,15182,17585,46.33
2025-01-01 06:10:00,server-2,32768,21028,11739,64.17
2025-01-01 06:15:00,server-2,32768,20900,11867,63.78
2025-01-01 06:20:00,server-2,32768,26258,6509,80.13
2025-01-01 06:25:00,server-2,32768,23366,9401,71.31
2025-01-01 06:30:00,server-2,32768,17943,14824,54.76
2025-01-01 06:35:00,server-2,32768,27374,5393,83.54
2025-01-01 06:40:00,server-2,32768,25300,7467,77.21
2025-01-01 06:45:00,server-2,32768,23206,9561,70.82
2025-01-01 06:50:00,server-2,32768,20557,12210,62.74
2025-01-01 06:55:00,server-2,32768,18155,14612,55.41
2025-01-01 07:00:00,server-2,32768,20079,12688,61.28
2025-01-01 07:05:00,server-2,32768,24866,7901,75.89
2025-01-01 07:10:00,server-2,32768,27474,5293,83.85
2025-01-01 07:15:00,server-2,32768,26356,6411,80.43
2025-01-01 07:20:00,server-2,32768,19697,13070,60.11
2025-01-01 07:25:00,server-2,32768,17630,15137,53.8
2025-01-01 07:30:00,server-2,32768,21760,11007,66.41
2025-01-01 07:35:00,server-2,32768,15504,17263,47.32
2025-01-01 07:40:00,server-2,32768,22358,10409,68.23
2025-01-01 07:45:00,server-2,32768,20815,11952,63.52
2025-01-01 07:50:00,server-2,32768,19772,12995,60.34
2025-01-01 07:55:00,server-2,32768,16073,16694,49.05
2025-01-01 08:00:00,server-2,32768,22982,9785,70.14
2025-01-01 08:05:00,server-2,32768,19553,13214,59.67
2025-01-01 08:10:00,server-2,32768,17465,15302,53.3
2025-01-01 08:15:00,server-2,32768,11887,20880,36.28
2025-01-01 08:20:00,server-2,32768,21209,11558,64.72
2025-01-01 08:25:00,server-2,32768,27106,5661,82.72
2025-01-01 08:30:00,server-2,32768,26742,6025,81.61
2025-01-01 08:35:00,server-2,32768,19801,12966,60.43
2025-01-01 08:40:00,server-2,32768,19325,13442,58.98
2025-01-01 08:45:00,server-2,32768,22835,9932,69.69
2025-01-01 08:50:00,server-2,32768,18027,14740,55.02
2025-01-01 08:55:00,server-2,32768,22288,10479,68.02
2025-01-01 09:00:00,server-2,32768,23809,8958,72.66
2025-01-01 09:05:00,server-2,32768,25319,7448,77.27
2025-01-01 09:10:00,server-2,32768,20971,11796,64.0
2025-01-01 09:15:00,server-2,32768,20631,12136,62.96
2025-01-01 09:20:00,server-2,32768,18422,14345,56.22
2025-01-01 09:25:00,server-2,32768,18589,14178,56.73
2025-01-01 09:30:00,server-2,32768,20557,12210,62.74
2025-01-01 09:35:00,server-2,32768,22502,10265,68.67
2025-01-01 09:40:00,server-2,32768,24292,8475,74.14
2025-01-01 09:45:00,server-2,32768,18667,14100,56.97
2025-01-01 09:50:00,server-2,32768,26190,6577,79.93
2025-01-01 09:55:00,server-2,32768,20410,12357,62.29
2025-01-01 10:00:00,server-2,32768,21229,11538,64.79
2025-01-01 10:05:00,server-2,32768,18850,13917,57.53
2025-01-01 10:10:00,server-2,32768,13355,19412,40.76
2025-01-01 10:15:00,server-2,32768,24196,8571,73.84
2025-01-01 10:20:00,server-2,32768,23713,9054,72.37
2025-01-01 10:25:00,server-2,32768,20377,12390,62.19
2025-01-01 10:30:00,server-2,32768,21518,11249,65.67
2025-01-01 10:35:00,server-2,32768,22989,9778,70.16
2025-01-01 10:40:00,server-2,32768,16179,16588,49.37
2025-01-01 10:45:00,server-2,32768,19565,13202,59.71
2025-01-01 10:50:00,server-2,32768,23901,8866,72.94
2025-01-01 10:55:00,server-2,32768,17189,15578,52.46
2025-01-01 11:00:00,server-2,32768,22261,10506,67.94
2025-01-01 11:05:00,server-2,32768,16853,15914,51.43
2025-01-01 11:10:00,server-2,32768,22827,9940,69.66
2025-01-01 11:15:00,server-2,32768,21182,11585,64.64
2025-01-01 11:20:00,server-2,32768,16006,16761,48.85
2025-01-01 11:25:00,server-2,32768,25115,7652,76.65
2025-01-01 11:30:00,server-2,32768,18892,13875,57.65
2025-01-01 11:35:00,server-2,32768,18644,14123,56.9
2025-01-01 11:40:00,server-2,32768,21956,10811,67.01
2025-01-01 11:45:00,server-2,32768,25063,7704,76.49
2025-01-01 11:50:00,server-2,32768,17970,14797,54.84
2025-01-01 11:55:00,server-2,32768,21501,11266,65.62
2025-01-01 12:00:00,server-2,32768,22704,10063,69.29
2025-01-01 12:05:00,server-2,32768,23570,9197,71.93
2025-01-01 12:10:00,server-2,32768,21877,10890,66.76
2025-01-01 12:15:00,server-2,32768,20096,12671,61.33
2025-01-01 12:20:00,server-2,32768,18587,14180,56.72
2025-01-01 12:25:00,server-2,32768,21581,11186,65.86
2025-01-01 12:30:00,server-2,32768,17786,14981,54.28
2025-01-01 12:35:00,server-2,32768,11726,21041,35.79
2025-01-01 12:40:00,server-2,32768,22729,10038,69.37
2025-01-01 12:45:00,server-2,32768,24261,8506,74.04
2025-01-01 12:50:00,server-2,32768,13556,19211,41.37
2025-01-01 12:55:00,server-2,32768,17990,14777,54.9
2025-01-01 13:00:00,server-2,32768,23328,9439,71.19
2025-01-01 13:05:00,server-2,32768,28041,4726,85.57
2025-01-01 13:10:00,server-2,32768,21367,11400,65.21
2025-01-01 13:15:00,server-2,32768,18913,13854,57.72
2025-01-01 13:20:00,server-2,32768,20699,12068,63.17
2025-01-01 13:25:00,server-2,32768,25804,6963,78.75
2025-01-01 13:30:00,server-2,32768,19182,13585,58.54
2025-01-01 13:35:00,server-2,32768,18680,14087,57.01
2025-01-01 13:40:00,server-2,32768,19717,13050,60.17
2025-01-01 13:45:00,server-2,32768,18175,14592,55.47
2025-01-01 13:50:00,server-2,32768,21701,11066,66.23
2025-01-01 13:55:00,server-2,32768,26622,6145,81.25
2025-01-01 14:00:00,server-2,32768,22357,10410,68.23
2025-01-01 14:05:00,server-2,32768,20472,12295,62.48
2025-01-01 14:10:00,server-2,32768,20342,12425,62.08
2025-01-01 14:15:00,server-2,32768,16176,16591,49.37
2025-01-01 14:20:00,server-2,32768,24192,8575,73.83
2025-01-01 14:25:00,server-2,32768,21044,11723,64.22
2025-01-01 14:30:00,server-2,32768,20707,12060,63.2
2025-01-01 14:35:00,server-2,32768,31129,1638,95.0
2025-01-01 14:40:00,server-2,32768,22278,10489,67.99
2025-01-01 14:45:00,server-2,32768,18835,13932,57.48
2025-01-01 14:50:00,server-2,32768,19902,12865,60.74
2025-01-01 14:55:00,server-2,32768,25062,7705,76.48
2025-01-01 15:00:00,server-2,32768,21670,11097,66.13
2025-01-01 15:05:00,server-2,32768,16586,16181,50.62
2025-01-01 15:10:00,server-2,32768,24311,8456,74.19
2025-01-01 15:15:00,server-2,32768,19109,13658,58.32
2025-01-01 15:20:00,server-2,32768,27437,5330,83.73
2025-01-01 15:25:00,server-2,32768,24838,7929,75.8
2025-01-01 15:30:00,server-2,32768,19833,12934,60.53
2025-01-01 15:35:00,server-2,32768,25496,7271,77.81
2025-01-01 15:40:00,server-2,32768,21521,11246,65.68
2025-01-01 15:45:00,server-2,32768,24093,8674,73.53
2025-01-01 15:50:00,server-2,32768,22887,9880,69.85
2025-01-01 15:55:00,server-2,32768,18525,14242,56.54
2025-01-01 16:00:00,server-2,32768,19190,13577,58.56
2025-01-01 16:05:00,server-2,32768,24674,8093,75.3
2025-01-01 16:10:00,server-2,32768,20202,12565,61.65
2025-01-01 16:15:00,server-2,32768,19976,12791,60.96
2025-01-01 16:20:00,server-2,32768,18169,14598,55.45
2025-01-01 16:25:00,server-2,32768,22687,10080,69.24
2025-01-01 16:30:00,server-2,32768,28057,4710,85.63
2025-01-01 16:35:00,server-2,32768,17801,14966,54.32
2025-01-01 16:40:00,server-2,32768,21378,11389,65.24
2025-01-01 16:45:00,server-2,32768,25926,6841,79.12
2025-01-01 16:50:00,server-2,32768,21038,11729,64.2
2025-01-01 16:55:00,server-2,32768,22781,9986,69.52
2025-01-01 17:00:00,server-2,32768,17817,14950,54.38
2025-01-01 17:05:00,server-2,32768,22702,10065,69.28
2025-01-01 17:10:00,server-2,32768,20685,12082,63.13
2025-01-01 17:15:00,server-2,32768,24529,8238,74.86
2025-01-01 17:20:00,server-2,32768,25190,7577,76.87
2025-01-01 17:25:00,server-2,32768,29784,2983,90.9
2025-01-01 17:30:00,server-2,32768,23198,9569,70.8
2025-01-01 17:35:00,server-2,32768,22366,10401,68.26
2025-01-01 17:40:00,server-2,32768,21936,10831,66.94
2025-01-01 17:45:00,server-2,32768,20141,12626,61.47
2025-01-01 17:50:00,server-2,32768,22408,10359,68.38
2025-01-01 17:55:00,server-2,32768,20331,12436,62.05
2025-01-01 18:00:00,server-2,32768,21851,10916,66.68
2025-01-01 18:05:00,server-2,32768,25616,7151,78.18
2025-01-01 18:10:00,server-2,32768,18000,14767,54.93
2025-01-01 18:15:00,server-2,32768,25034,7733,76.4
2025-01-01 18:20:00,server-2,32768,25615,7152,78.17
2025-01-01 18:25:00,server-2,32768,20912,11855,63.82
2025-01-01 18:30:00,server-2,32768,14346,18421,43.78
2025-01-01 18:35:00,server-2,32768,19307,13460,58.92
2025-01-01 18:40:00,server-2,32768,25549,7218,77.97
2025-01-01 18:45:00,server-2,32768,21224,11543,64.77
2025-01-01 18:50:00,server-2,32768,18024,14743,55.01
2025-01-01 18:55:00,server-2,32768,19645,13122,59.95
2025-01-01 19:00:00,server-2,32768,24053,8714,73.41
2025-01-01 19:05:00,server-2,32768,23090,9677,70.47
2025-01-01 19:10:00,server-2,32768,20516,12251,62.61
2025-01-01 19:15:00,server-2,32768,20097,12670,61.33
2025-01-01 19:20:00,server-2,32768,20015,12752,61.08
2025-01-01 19:25:00,server-2,32768,18276,14491,55.78
2025-01-01 19:30:00,server-2,32768,26592,6175,81.15
2025-01-01 19:35:00,server-2,32768,20243,12524,61.78
2025-01-01 19:40:00,server-2,32768,25287,7480,77.17
2025-01-01 19:45:00,server-2,32768,26284,6483,80.21
2025-01-01 19:50:00,server-2,32768,24570,8197,74.98
2025-01-01 19:55:00,server-2,32768,19884,12883,60.68
2025-01-01 20:00:00,server-2,32768,22622,10145,69.04
2025-01-01 20:05:00,server-2,32768,21219,11548,64.76
2025-01-01 20:10:00,server-2,32768,18337,14430,55.96
2025-01-01 20:15:00,server-2,32768,22362,10405,68.24
2025-01-01 20:20:00,server-2,32768,17435,15332,53.21
2025-01-01 20:25:00,server-2,32768,25190,7577,76.88
2025-01-01 20:30:00,server-2,32768,19776,12991,60.35
2025-01-01 20:35:00,server-2,32768,21958,10809,67.01
2025-01-01 20:40:00,server-2,32768,22227,10540,67.83
2025-01-01 20:45:00,server-2,32768,20450,12317,62.41
2025-01-01 20:50:00,server-2,32768,23221,9546,70.87
2025-01-01 20:55:00,server-2,32768,19743,13024,60.25
2025-01-01 21:00:00,server-2,32768,24154,8613,73.71
2025-01-01 21:05:00,server-2,32768,16888,15879,51.54
2025-01-01 21:10:00,server-2,32768,21713,11054,66.26
2025-01-01 21:15:00,server-2,32768,27652,5115,84.39
2025-01-01 21:20:00,server-2,32768,18021,14746,55.0
2025-01-01 21:25:00,server-2,32768,19078,13689,58.22
2025-01-01 21:30:00,server-2,32768,22983,9784,70.14
2025-01-01 21:35:00,server-2,32768,21887,10880,66.8
2025-01-01 21:40:00,server-2,32768,22448,10319,68.51
2025-01-01 21:45:00,server-2,32768,22902,9865,69.89
2025-01-01 21:50:00,server-2,32768,23379,9388,71.35
2025-01-01 21:55:00,server-2,32768,24935,7832,76.1
2025-01-01 22:00:00,server-2,32768,22642,10125,69.1
2025-01-01 22:05:00,server-2,32768,20508,12259,62.59
2025-01-01 22:10:00,server-2,32768,23503,9264,71.73
2025-01-01 22:15:00,server-2,32768,27524,5243,84.0
2025-01-01 22:20:00,server-2,32768,20864,11903,63.67
2025-01-01 22:25:00,server-2,32768,18105,14662,55.25
2025-01-01 22:30:00,server-2,32768,24926,7841,76.07
2025-01-01 22:35:00,server-2,32768,20904,11863,63.8
2025-01-01 22:40:00,server-2,32768,14179,18588,43.27
2025-01-01 22:45:00,server-2,32768,24076,8691,73.47
2025-01-01 22:50:00,server-2,32768,19545,13222,59.65
2025-01-01 22:55:00,server-2,32768,21002,11765,64.09
2025-01-01 23:00:00,server-2,32768,22387,10380,68.32
2025-01-01 23:05:00,server-2,32768,21923,10844,66.9
2025-01-01 23:10:00,server-2,32768,23623,9144,72.09
2025-01-01 23:15:00,server-2,32768,19872,12895,60.65
2025-01-01 23:20:00,server-2,32768,22980,9787,70.13
2025-01-01 23:25:00,server-2,32768,20448,12319,62.4
2025-01-01 23:30:00,server-2,32768,23720,9047,72.39
2025-01-01 23:35:00,server-2,32768,23315,9452,71.15
2025-01-01 23:40:00,server-2,32768,18233,14534,55.65
2025-01-01 23:45:00,server-2,32768,24857,7910,75.86
2025-01-01 23:50:00,server-2,32768,19542,13225,59.64
2025-01-01 23:55:00,server-2,32768,23947,8820,73.08
2025-01-02 00:00:00,server-2,32768,22502,10265,68.67
2025-01-02 00:05:00,server-2,32768,27322,5445,83.38
2025-01-02 00:10:00,server-2,32768,20566,12201,62.77
2025-01-02 00:15:00,server-2,32768,20154,12613,61.51
2025-01-02 00:20:00,server-2,32768,21235,11532,64.81
2025-01-02 00:25:00,server-2,32768,20305,12462,61.97
2025-01-02 00:30:00,server-2,32768,23920,8847,73.0
2025-01-02 00:35:00,server-2,32768,16002,16765,48.84
2025-01-02 00:40:00,server-2,32768,17846,14921,54.46
2025-01-02 00:45:00,server-2,32768,17800,14967,54.32
2025-01-02 00:50:00,server-2,32768,24413,8354,74.5
2025-01-02 00:55:00,server-2,32768,26904,5863,82.11
2025-01-02 01:00:00,server-2,32768,20956,11811,63.96
2025-01-02 01:05:00,server-2,32768,20746,12021,63.31
2025-01-02 01:10:00,server-2,32768,21528,11239,65.7
2025-01-02 01:15:00,server-2,32768,25106,7661,76.62
2025-01-02 01:20:00,server-2,32768,18260,14507,55.73
2025-01-02 01:25:00,server-2,32768,22080,10687,67.38
2025-01-02 01:30:00,server-2,32768,24494,8273,74.75
2025-01-02 01:35:00,server-2,32768,22941,9826,70.01
2025-01-02 01:40:00,server-2,32768,21920,10847,66.9
2025-01-02 01:45:00,server-2,32768,24579,8188,75.01
2025-01-02 01:50:00,server-2,32768,12441,20326,37.97
2025-01-02 01:55:00,server-2,32768,23520,9247,71.78
2025-01-02 02:00:00,server-2,32768,19155,13612,58.46
2025-01-02 02:05:00,server-2,32768,15300,17467,46.69
2025-01-02 02:10:00,server-2,32768,22974,9793,70.11
2025-01-02 02:15:00,server-2,32768,25800,6967,78.74
2025-01-02 02:20:00,server-2,32768,20848,11919,63.63
2025-01-02 02:25:00,server-2,32768,24421,8346,74.53
2025-01-02 02:30:00,server-2,32768,26582,6185,81.12
2025-01-02 02:35:00,server-2,32768,25607,7160,78.15
2025-01-02 02:40:00,server-2,32768,26673,6094,81.4
2025-01-02 02:45:00,server-2,32768,23731,9036,72.42
2025-01-02 02:50:00,server-2,32768,21546,11221,65.75
2025-01-02 02:55:00,server-2,32768,16049,16718,48.98
2025-01-02 03:00:00,server-2,32768,20492,12275,62.54
2025-01-02 03:05:00,server-2,32768,18536,14231,56.57
2025-01-02 03:10:00,server-2,32768,28412,4355,86.71
2025-01-02 03:15:00,server-2,32768,20722,12045,63.24
2025-01-02 03:20:00,server-2,32768,21702,11065,66.23
2025-01-02 03:25:00,server-2,32768,23106,9661,70.51
2025-01-02 03:30:00,server-2,32768,21442,11325,65.44
2025-01-02 03:35:00,server-2,32768,26853,5914,81.95
2025-01-02 03:40:00,server-2,32768,19258,13509,58.77
2025-01-02 03:45:00,server-2,32768,21936,10831,66.95
2025-01-02 03:50:00,server-2,32768,18866,13901,57.58
2025-01-02 03:55:00,server-2,32768,16973,15794,51.8
2025-01-02 04:00:00,server-2,32768,19294,13473,58.88
2025-01-02 04:05:00,server-2,32768,21177,11590,64.63
2025-01-02 04:10:00,server-2,32768,19892,12875,60.71
2025-01-02 04:15:00,server-2,32768,19030,13737,58.08
2025-01-02 04:20:00,server-2,32768,16690,16077,50.94
2025-01-02 04:25:00,server-2,32768,21026,11741,64.17
2025-01-02 04:30:00,server-2,32768,16368,16399,49.95
2025-01-02 04:35:00,server-2,32768,23789,8978,72.6
2025-01-02 04:40:00,server-2,32768,21569,11198,65.82
2025-01-02 04:45:00,server-2,32768,16523,16244,50.42
2025-01-02 04:50:00,server-2,32768,20285,12482,61.91
2025-01-02 04:55:00,server-2,32768,18834,13933,57.48
2025-01-02 05:00:00,server-2,32768,22345,10422,68.19
2025-01-02 05:05:00,server-2,32768,25691,7076,78.4
2025-01-02 05:10:00,server-2,32768,15154,17613,46.25
2025-01-02 05:15:00,server-2,32768,21676,11091,66.15
2025-01-02 05:20:00,server-2,32768,20774,11993,63.4
2025-01-02 05:25:00,server-2,32768,23499,9268,71.71
2025-01-02 05:30:00,server-2,32768,21997,10770,67.13
2025-01-02 05:35:00,server-2,32768,18835,13932,57.48
2025-01-02 05:40:00,server-2,32768,20253,12514,61.81
2025-01-02 05:45:00,server-2,32768,18690,14077,57.04
2025-01-02 05:50:00,server-2,32768,24825,7942,75.76
2025-01-02 05:55:00,server-2,32768,21369,11398,65.21
2025-01-02 06:00:00,server-2,32768,27529,5238,84.01
2025-01-02 06:05:00,server-2,32768,21100,11667,64.39
2025-01-02 06:10:00,server-2,32768,18977,13790,57.92
2025-01-02 06:15:00,server-2,32768,16339,16428,49.86
2025-01-02 06:20:00,server-2,32768,15390,17377,46.97
2025-01-02 06:25:00,server-2,32768,16108,16659,49.16
2025-01-02 06:30:00,server-2,32768,22174,10593,67.67
2025-01-02 06:35:00,server-2,32768,22966,9801,70.09
2025-01-02 06:40:00,server-2,32768,16117,16650,49.19
2025-01-02 06:45:00,server-2,32768,24232,8535,73.95
2025-01-02 06:50:00,server-2,32768,19716,13051,60.17
2025-01-02 06:55:00,server-2,32768,21780,10987,66.47
2025-01-02 07:00:00,server-2,32768,26582,6185,81.12
2025-01-02 07:05:00,server-2,32768,24237,8530,73.97
2025-01-02 07:10:00,server-2,32768,20419,12348,62.31
2025-01-02 07:15:00,server-2,32768,18378,14389,56.09
2025-01-02 07:20:00,server-2,32768,14248,18519,43.48
2025-01-02 07:25:00,server-2,32768,18942,13825,57.81
2025-01-02 07:30:00,server-2,32768,20607,12160,62.89
2025-01-02 07:35:00,server-2,32768,18064,14703,55.13
2025-01-02 07:40:00,server-2,32768,20869,11898,63.69
2025-01-02 07:45:00,server-2,32768,21551,11216,65.77
2025-01-02 07:50:00,server-2,32768,20562,12205,62.75
2025-01-02 07:55:00,server-2,32768,19169,13598,58.5
2025-01-02 08:00:00,server-2,32768,21851,10916,66.69
2025-01-02 08:05:00,server-2,32768,22747,10020,69.42
2025-01-02 08:10:00,server-2,32768,17726,15041,54.1
2025-01-02 08:15:00,server-2,32768,25922,6845,79.11
2025-01-02 08:20:00,server-2,32768,20976,11791,64.01
2025-01-02 08:25:00,server-2,32768,21360,11407,65.19
2025-01-02 08:30:00,server-2,32768,23619,9148,72.08
2025-01-02 08:35:00,server-2,32768,22063,10704,67.33
2025-01-02 08:40:00,server-2,32768,24422,8345,74.53
2025-01-02 08:45:00,server-2,32768,22240,10527,67.87
2025-01-02 08:50:00,server-2,32768,19292,13475,58.88
2025-01-02 08:55:00,server-2,32768,22483,10284,68.62
2025-01-02 09:00:00,server-2,32768,17551,15216,53.56
2025-01-02 09:05:00,server-2,32768,21654,11113,66.09
2025-01-02 09:10:00,server-2,32768,21190,11577,64.67
2025-01-02 09:15:00,server-2,32768,20617,12150,62.92
2025-01-02 09:20:00,server-2,32768,20878,11889,63.71
2025-01-02 09:25:00,server-2,32768,15132,17635,46.18
2025-01-02 09:30:00,server-2,32768,19501,13266,59.51
2025-01-02 09:35:00,server-2,32768,21603,11164,65.93
2025-01-02 09:40:00,server-2,32768,21823,10944,66.6
2025-01-02 09:45:00,server-2,32768,17931,14836,54.72
2025-01-02 09:50:00,server-2,32768,25446,7321,77.66
2025-01-02 09:55:00,server-2,32768,18460,14307,56.34
2025-01-02 10:00:00,server-2,32768,24475,8292,74.69
2025-01-02 10:05:00,server-2,32768,22699,10068,69.27
2025-01-02 10:10:00,server-2,32768,19181,13586,58.54
2025-01-02 10:15:00,server-2,32768,27116,5651,82.75
2025-01-02 10:20:00,server-2,32768,17387,15380,53.06
2025-01-02 10:25:00,server-2,32768,24311,8456,74.19
2025-01-02 10:30:00,server-2,32768,24577,8190,75.01
2025-01-02 10:35:00,server-2,32768,19101,13666,58.29
2025-01-02 10:40:00,server-2,32768,25862,6905,78.92
2025-01-02 10:45:00,server-2,32768,20479,12288,62.5
2025-01-02 10:50:00,server-2,32768,22245,10522,67.89
2025-01-02 10:55:00,server-2,32768,22152,10615,67.6
2025-01-02 11:00:00,server-2,32768,20859,11908,63.66
2025-01-02 11:05:00,server-2,32768,23956,8811,73.11
2025-01-02 11:10:00,server-2,32768,23899,8868,72.93
2025-01-02 11:15:00,server-2,32768,15569,17198,47.51
2025-01-02 11:20:00,server-2,32768,25573,7194,78.04
2025-01-02 11:25:00,server-2,32768,15851,16916,48.38
2025-01-02 11:30:00,server-2,32768,24682,8085,75.33
2025-01-02 11:35:00,server-2,32768,24991,7776,76.27
2025-01-02 11:40:00,server-2,32768,17724,15043,54.09
2025-01-02 11:45:00,server-2,32768,19953,12814,60.89
2025-01-02 11:50:00,server-2,32768,17676,15091,53.94
2025-01-02 11:55:00,server-2,32768,20594,12173,62.85
2025-01-02 12:00:00,server-2,32768,20289,12478,61.92
2025-01-02 12:05:00,server-2,32768,23853,8914,72.8
2025-01-02 12:10:00,server-2,32768,25592,7175,78.1
2025-01-02 12:15:00,server-2,32768,25872,6895,78.96
2025-01-02 12:20:00,server-2,32768,19457,13310,59.38
2025-01-02 12:25:00,server-2,32768,20613,12154,62.91
2025-01-02 12:30:00,server-2,32768,15782,16985,48.17
2025-01-02 12:35:00,server-2,32768,18658,14109,56.94
2025-01-02 12:40:00,server-2,32768,24460,8307,74.65
2025-01-02 12:45:00,server-2,32768,26593,6174,81.16
2025-01-02 12:50:00,server-2,32768,17254,15513,52.66
2025-01-02 12:55:00,server-2,32768,19357,13410,59.08
2025-01-02 13:00:00,server-2,32768,21212,11555,64.74
2025-01-02 13:05:00,server-2,32768,22217,10550,67.8
2025-01-02 13:10:00,server-2,32768,18646,14121,56.9
2025-01-02 13:15:00,server-2,32768,22688,10079,69.24
2025-01-02 13:20:00,server-2,32768,19746,13021,60.26
2025-01-02 13:25:00,server-2,32768,21251,11516,64.86
2025-01-02 13:30:00,server-2,32768,23089,9678,70.46
2025-01-02 13:35:00,server-2,32768,21320,11447,65.06
2025-01-02 13:40:00,server-2,32768,19869,12898,60.64
2025-01-02 13:45:00,server-2,32768,20940,11827,63.9
2025-01-02 13:50:00,server-2,32768,21009,11758,64.12
2025-01-02 13:55:00,server-2,32768,20086,12681,61.3
2025-01-02 14:00:00,server-2,32768,20451,12316,62.41
2025-01-02 14:05:00,server-2,32768,26537,6230,80.99
2025-01-02 14:10:00,server-2,32768,23137,9630,70.61
2025-01-02 14:15:00,server-2,32768,20330,12437,62.05
2025-01-02 14:20:00,server-2,32768,23582,9185,71.97
2025-01-02 14:25:00,server-2,32768,20205,12562,61.66
2025-01-02 14:30:00,server-2,32768,25143,7624,76.73
2025-01-02 14:35:00,server-2,32768,22510,10257,68.7
2025-01-02 14:40:00,server-2,32768,20947,11820,63.93
2025-01-02 14:45:00,server-2,32768,22766,10001,69.48
2025-01-02 14:50:00,server-2,32768,16151,16616,49.29
2025-01-02 14:55:00,server-2,32768,17607,15160,53.73
2025-01-02 15:00:00,server-2,32768,17386,15381,53.06
2025-01-02 15:05:00,server-2,32768,21767,11000,66.43
2025-01-02 15:10:00,server-2,32768,26976,5791,82.33
2025-01-02 15:15:00,server-2,32768,28610,4157,87.31
2025-01-02 15:20:00,server-2,32768,23389,9378,71.38
2025-01-02 15:25:00,server-2,32768,22940,9827,70.01
2025-01-02 15:30:00,server-2,32768,15397,17370,46.99
2025-01-02 15:35:00,server-2,32768,19520,13247,59.57
2025-01-02 15:40:00,server-2,32768,18717,14050,57.12
2025-01-02 15:45:00,server-2,32768,19264,13503,58.79
2025-01-02 15:50:00,server-2,32768,20748,12019,63.32
2025-01-02 15:55:00,server-2,32768,19752,13015,60.28
2025-01-02 16:00:00,server-2,32768,14813,17954,45.21
2025-01-02 16:05:00,server-2,32768,23749,9018,72.48
2025-01-02 16:10:00,server-2,32768,17784,14983,54.27
2025-01-02 16:15:00,server-2,32768,22083,10684,67.39
2025-01-02 16:20:00,server-2,32768,28095,4672,85.74
2025-01-02 16:25:00,server-2,32768,18286,14481,55.81
2025-01-02 16:30:00,server-2,32768,13007,19760,39.7
2025-01-02 16:35:00,server-2,32768,20362,12405,62.14
2025-01-02 16:40:00,server-2,32768,24906,7861,76.01
2025-01-02 16:45:00,server-2,32768,27716,5051,84.58
2025-01-02 16:50:00,server-2,32768,17270,15497,52.7
2025-01-02 16:55:00,server-2,32768,22926,9841,69.97
2025-01-02 17:00:00,server-2,32768,19774,12993,60.35
2025-01-02 17:05:00,server-2,32768,20952,11815,63.94
2025-01-02 17:10:00,server-2,32768,29964,2803,91.44
2025-01-02 17:15:00,server-2,32768,16374,16393,49.97
2025-01-02 17:20:00,server-2,32768,22130,10637,67.54
2025-01-02 17:25:00,server-2,32768,22831,9936,69.68
2025-01-02 17:30:00,server-2,32768,24857,7910,75.86
2025-01-02 17:35:00,server-2,32768,21620,11147,65.98
2025-01-02 17:40:00,server-2,32768,22308,10459,68.08
2025-01-02 17:45:00,server-2,32768,20015,12752,61.08
2025-01-02 17:50:00,server-2,32768,22181,10586,67.69
2025-01-02 17:55:00,server-2,32768,20174,12593,61.57
2025-01-02 18:00:00,server-2,32768,23335,9432,71.22
2025-01-02 18:05:00,server-2,32768,20088,12679,61.3
2025-01-02 18:10:00,server-2,32768,22534,10233,68.77
2025-01-02 18:15:00,server-2,32768,21203,11564,64.71
2025-01-02 18:20:00,server-2,32768,24989,7778,76.26
2025-01-02 18:25:00,server-2,32768,21130,11637,64.49
2025-01-02 18:30:00,server-2,32768,15489,17278,47.27
2025-01-02 18:35:00,server-2,32768,25434,7333,77.62
2025-01-02 18:40:00,server-2,32768,18331,14436,55.94
2025-01-02 18:45:00,server-2,32768,19156,13611,58.46
2025-01-02 18:50:00,server-2,32768,19347,13420,59.04
2025-01-02 18:55:00,server-2,32768,25802,6965,78.74
2025-01-02 19:00:00,server-2,32768,14301,18466,43.64
2025-01-02 19:05:00,server-2,32768,31129,1638,95.0
2025-01-02 19:10:00,server-2,32768,24759,8008,75.56
2025-01-02 19:15:00,server-2,32768,22030,10737,67.23
2025-01-02 19:20:00,server-2,32768,21119,11648,64.45
2025-01-02 19:25:00,server-2,32768,22234,10533,67.86
2025-01-02 19:30:00,server-2,32768,23006,9761,70.21
2025-01-02 19:35:00,server-2,32768,23413,9354,71.45
2025-01-02 19:40:00,server-2,32768,23119,9648,70.56
2025-01-02 19:45:00,server-2,32768,21592,11175,65.9
2025-01-02 19:50:00,server-2,32768,20652,12115,63.03
2025-01-02 19:55:00,server-2,32768,20803,11964,63.49
2025-01-02 20:00:00,server-2,32768,20660,12107,63.05
2025-01-02 20:05:00,server-2,32768,25014,7753,76.34
2025-01-02 20:10:00,server-2,32768,23244,9523,70.94
2025-01-02 20:15:00,server-2,32768,11664,21103,35.6
2025-01-02 20:20:00,server-2,32768,23448,9319,71.56
2025-01-02 20:25:00,server-2,32768,21937,10830,66.95
2025-01-02 20:30:00,server-2,32768,21237,11530,64.81
2025-01-02 20:35:00,server-2,32768,20026,12741,61.11
2025-01-02 20:40:00,server-2,32768,24982,7785,76.24
2025-01-02 20:45:00,server-2,32768,24404,8363,74.48
2025-01-02 20:50:00,server-2,32768,18766,14001,57.27
2025-01-02 20:55:00,server-2,32768,22633,10134,69.07
2025-01-02 21:00:00,server-2,32768,18115,14652,55.28
2025-01-02 21:05:00,server-2,32768,16778,15989,51.2
2025-01-02 21:10:00,server-2,32768,19245,13522,58.73
2025-01-02 21:15:00,server-2,32768,24125,8642,73.62
2025-01-02 21:20:00,server-2,32768,24422,8345,74.53
2025-01-02 21:25:00,server-2,32768,22980,9787,70.13
2025-01-02 21:30:00,server-2,32768,23675,9092,72.25
2025-01-02 21:35:00,server-2,32768,22990,9777,70.16
2025-01-02 21:40:00,server-2,32768,19197,13570,58.59
2025-01-02 21:45:00,server-2,32768,22714,10053,69.32
2025-01-02 21:50:00,server-2,32768,23921,8846,73.0
2025-01-02 21:55:00,server-2,32768,23770,8997,72.54
2025-01-02 22:00:00,server-2,32768,25195,7572,76.89
2025-01-02 22:05:00,server-2,32768,23620,9147,72.08
2025-01-02 22:10:00,server-2,32768,22450,10317,68.51
2025-01-02 22:15:00,server-2,32768,24805,7962,75.7
2025-01-02 22:20:00,server-2,32768,21212,11555,64.73
2025-01-02 22:25:00,server-2,32768,18409,14358,56.18
2025-01-02 22:30:00,server-2,32768,20764,12003,63.37
2025-01-02 22:35:00,server-2,32768,18858,13909,57.55
2025-01-02 22:40:00,server-2,32768,19086,13681,58.25
2025-01-02 22:45:00,server-2,32768,20825,11942,63.55
2025-01-02 22:50:00,server-2,32768,18702,14065,57.08
2025-01-02 22:55:00,server-2,32768,20290,12477,61.92
2025-01-02 23:00:00,server-2,32768,15094,17673,46.06
2025-01-02 23:05:00,server-2,32768,21998,10769,67.13
2025-01-02 23:10:00,server-2,32768,21303,11464,65.01
2025-01-02 23:15:00,server-2,32768,18621,14146,56.83
2025-01-02 23:20:00,server-2,32768,23459,9308,71.59
2025-01-02 23:25:00,server-2,32768,24371,8396,74.38
2025-01-02 23:30:00,server-2,32768,16031,16736,48.92
2025-01-02 23:35:00,server-2,32768,18799,13968,57.37
2025-01-02 23:40:00,server-2,32768,18778,13989,57.31
2025-01-02 23:45:00,server-2,32768,18219,14548,55.6
2025-01-02 23:50:00,server-2,32768,24017,8750,73.29
2025-01-02 23:55:00,server-2,32768,20664,12103,63.06
2025-01-03 00:00:00,server-2,32768,20432,12335,62.35
2025-01-03 00:05:00,server-2,32768,14732,18035,44.96
2025-01-03 00:10:00,server-2,32768,23381,9386,71.35
2025-01-03 00:15:00,server-2,32768,17238,15529,52.61
2025-01-03 00:20:00,server-2,32768,21495,11272,65.6
2025-01-03 00:25:00,server-2,32768,22208,10559,67.77
2025-01-03 00:30:00,server-2,32768,25757,7010,78.61
2025-01-03 00:35:00,server-2,32768,17010,15757,51.91
2025-01-03 00:40:00,server-2,32768,11404,21363,34.8
2025-01-03 00:45:00,server-2,32768,21901,10866,66.84
2025-01-03 00:50:00,server-2,32768,27199,5568,83.01
2025-01-03 00:55:00,server-2,32768,25358,7409,77.39
2025-01-03 01:00:00,server-2,32768,21986,10781,67.1
2025-01-03 01:05:00,server-2,32768,19688,13079,60.08
2025-01-03 01:10:00,server-2,32768,23943,8824,73.07
2025-01-03 01:15:00,server-2,32768,18109,14658,55.26
2025-01-03 01:20:00,server-2,32768,22860,9907,69.76
2025-01-03 01:25:00,server-2,32768,22955,9812,70.05
2025-01-03 01:30:00,server-2,32768,24773,7994,75.6
2025-01-03 01:35:00,server-2,32768,30342,2425,92.6
2025-01-03 01:40:00,server-2,32768,22585,10182,68.92
2025-01-03 01:45:00,server-2,32768,19631,13136,59.91
2025-01-03 01:50:00,server-2,32768,21215,11552,64.74
2025-01-03 01:55:00,server-2,32768,15502,17265,47.31
2025-01-03 02:00:00,server-2,32768,19022,13745,58.05
2025-01-03 02:05:00,server-2,32768,19958,12809,60.91
2025-01-03 02:10:00,server-2,32768,19581,13186,59.76
2025-01-03 02:15:00,server-2,32768,21798,10969,66.52
2025-01-03 02:20:00,server-2,32768,18604,14163,56.78
2025-01-03 02:25:00,server-2,32768,24972,7795,76.21
2025-01-03 02:30:00,server-2,32768,21299,11468,65.0
2025-01-03 02:35:00,server-2,32768,21268,11499,64.91
2025-01-03 02:40:00,server-2,32768,20224,12543,61.72
2025-01-03 02:45:00,server-2,32768,21807,10960,66.55
2025-01-03 02:50:00,server-2,32768,24002,8765,73.25
2025-01-03 02:55:00,server-2,32768,18457,14310,56.33
2025-01-03 03:00:00,server-2,32768,19142,13625,58.42
2025-01-03 03:05:00,server-2,32768,20303,12464,61.96
2025-01-03 03:10:00,server-2,32768,16889,15878,51.54
2025-01-03 03:15:00,server-2,32768,18614,14153,56.81
2025-01-03 03:20:00,server-2,32768,19738,13029,60.24
2025-01-03 03:25:00,server-2,32768,24164,8603,73.74
2025-01-03 03:30:00,server-2,32768,22159,10608,67.63
2025-01-03 03:35:00,server-2,32768,21933,10834,66.94
2025-01-03 03:40:00,server-2,32768,24087,8680,73.51
2025-01-03 03:45:00,server-2,32768,20849,11918,63.63
2025-01-03 03:50:00,server-2,32768,22578,10189,68.9
2025-01-03 03:55:00,server-2,32768,20960,11807,63.97
2025-01-03 04:00:00,server-2,32768,22168,10599,67.65
2025-01-03 04:05:00,server-2,32768,19389,13378,59.17
2025-01-03 04:10:00,server-2,32768,13307,19460,40.61
2025-01-03 04:15:00,server-2,32768,20859,11908,63.66
2025-01-03 04:20:00,server-2,32768,25961,6806,79.23
2025-01-03 04:25:00,server-2,32768,24334,8433,74.26
2025-01-03 04:30:00,server-2,32768,24462,8305,74.65
2025-01-03 04:35:00,server-2,32768,25349,7418,77.36
2025-01-03 04:40:00,server-2,32768,21589,11178,65.89
2025-01-03 04:45:00,server-2,32768,21945,10822,66.97
2025-01-03 04:50:00,server-2,32768,19275,13492,58.82
2025-01-03 04:55:00,server-2,32768,20263,12504,61.84
2025-01-03 05:00:00,server-2,32768,23316,9451,71.16
2025-01-03 05:05:00,server-2,32768,25244,7523,77.04
2025-01-03 05:10:00,server-2,32768,20842,11925,63.61
2025-01-03 05:15:00,server-2,32768,19824,12943,60.5
2025-01-03 05:20:00,server-2,32768,21300,11467,65.01
2025-01-03 05:25:00,server-2,32768,23269,9498,71.01
2025-01-03 05:30:00,server-2,32768,16567,16200,50.56
2025-01-03 05:35:00,server-2,32768,13775,18992,42.04
2025-01-03 05:40:00,server-2,32768,19495,13272,59.49
2025-01-03 05:45:00,server-2,32768,17299,15468,52.79
2025-01-03 05:50:00,server-2,32768,19634,13133,59.92
2025-01-03 05:55:00,server-2,32768,20814,11953,63.52
2025-01-03 06:00:00,server-2,32768,19813,12954,60.47
2025-01-03 06:05:00,server-2,32768,26058,6709,79.52
2025-01-03 06:10:00,server-2,32768,22369,10398,68.27
2025-01-03 06:15:00,server-2,32768,22283,10484,68.0
2025-01-03 06:20:00,server-2,32768,23338,9429,71.22
2025-01-03 06:25:00,server-2,32768,17567,15200,53.61
2025-01-03 06:30:00,server-2,32768,24704,8063,75.39
2025-01-03 06:35:00,server-2,32768,21050,11717,64.24
2025-01-03 06:40:00,server-2,32768,23496,9271,71.7
2025-01-03 06:45:00,server-2,32768,17786,14981,54.28
2025-01-03 06:50:00,server-2,32768,16207,16560,49.46
2025-01-03 06:55:00,server-2,32768,23979,8788,73.18
2025-01-03 07:00:00,server-2,32768,22532,10235,68.76
2025-01-03 07:05:00,server-2,32768,18343,14424,55.98
2025-01-03 07:10:00,server-2,32768,18449,14318,56.3
2025-01-03 07:15:00,server-2,32768,24987,7780,76.25
2025-01-03 07:20:00,server-2,32768,17401,15366,53.11
2025-01-03 07:25:00,server-2,32768,26681,6086,81.43
2025-01-03 07:30:00,server-2,32768,18348,14419,55.99
2025-01-03 07:35:00,server-2,32768,23391,9376,71.38
2025-01-03 07:40:00,server-2,32768,20222,12545,61.71
2025-01-03 07:45:00,server-2,32768,23275,9492,71.03
2025-01-03 07:50:00,server-2,32768,19516,13251,59.56
2025-01-03 07:55:00,server-2,32768,20765,12002,63.37
2025-01-03 08:00:00,server-2,32768,21433,11334,65.41
2025-01-03 08:05:00,server-2,32768,18015,14752,54.98
2025-01-03 08:10:00,server-2,32768,23726,9041,72.41
2025-01-03 08:15:00,server-2,32768,19617,13150,59.87
2025-01-03 08:20:00,server-2,32768,20550,12217,62.71
2025-01-03 08:25:00,server-2,32768,18040,14727,55.06
2025-01-03 08:30:00,server-2,32768,12902,19865,39.38
2025-01-03 08:35:00,server-2,32768,20673,12094,63.09
2025-01-03 08:40:00,server-2,32768,29204,3563,89.13
2025-01-03 08:45:00,server-2,32768,23870,8897,72.85
2025-01-03 08:50:00,server-2,32768,21236,11531,64.81
2025-01-03 08:55:00,server-2,32768,20437,12330,62.37
2025-01-03 09:00:00,server-2,32768,21372,11395,65.22
2025-01-03 09:05:00,server-2,32768,23091,9676,70.47
2025-01-03 09:10:00,server-2,32768,17429,15338,53.19
2025-01-03 09:15:00,server-2,32768,24950,7817,76.14
2025-01-03 09:20:00,server-2,32768,23643,9124,72.15
2025-01-03 09:25:00,server-2,32768,23652,9115,72.18
2025-01-03 09:30:00,server-2,32768,22735,10032,69.38
2025-01-03 09:35:00,server-2,32768,21363,11404,65.2
2025-01-03 09:40:00,server-2,32768,23504,9263,71.73
2025-01-03 09:45:00,server-2,32768,23238,9529,70.92
2025-01-03 09:50:00,server-2,32768,20139,12628,61.46
2025-01-03 09:55:00,server-2,32768,19419,13348,59.26
2025-01-03 10:00:00,server-2,32768,21632,11135,66.02
2025-01-03 10:05:00,server-2,32768,26375,6392,80.49
2025-01-03 10:10:00,server-2,32768,17238,15529,52.61
2025-01-03 10:15:00,server-2,32768,16490,16277,50.32
2025-01-03 10:20:00,server-2,32768,21839,10928,66.65
2025-01-03 10:25:00,server-2,32768,21465,11302,65.51
2025-01-03 10:30:00,server-2,32768,21867,10900,66.73
2025-01-03 10:35:00,server-2,32768,22098,10669,67.44
2025-01-03 10:40:00,server-2,32768,20567,12200,62.77
2025-01-03 10:45:00,server-2,32768,26181,6586,79.9
2025-01-03 10:50:00,server-2,32768,16053,16714,48.99
2025-01-03 10:55:00,server-2,32768,18584,14183,56.72
2025-01-03 11:00:00,server-2,32768,20960,11807,63.97
2025-01-03 11:05:00,server-2,32768,15914,16853,48.57
2025-01-03 11:10:00,server-2,32768,20722,12045,63.24
2025-01-03 11:15:00,server-2,32768,26743,6024,81.61
2025-01-03 11:20:00,server-2,32768,21367,11400,65.21
2025-01-03 11:25:00,server-2,32768,22055,10712,67.31
2025-01-03 11:30:00,server-2,32768,17169,15598,52.4
2025-01-03 11:35:00,server-2,32768,19279,13488,58.84
2025-01-03 11:40:00,server-2,32768,20069,12698,61.25
2025-01-03 11:45:00,server-2,32768,20258,12509,61.82
2025-01-03 11:50:00,server-2,32768,25498,7269,77.82
2025-01-03 11:55:00,server-2,32768,23126,9641,70.58
2025-01-03 12:00:00,server-2,32768,17657,15110,53.89
2025-01-03 12:05:00,server-2,32768,22106,10661,67.47
2025-01-03 12:10:00,server-2,32768,22931,9836,69.98
2025-01-03 12:15:00,server-2,32768,25035,7732,76.4
2025-01-03 12:20:00,server-2,32768,26478,6289,80.81
2025-01-03 12:25:00,server-2,32768,17972,14795,54.85
2025-01-03 12:30:00,server-2,32768,18642,14125,56.89
2025-01-03 12:35:00,server-2,32768,17178,15589,52.42
2025-01-03 12:40:00,server-2,32768,20532,12235,62.66
2025-01-03 12:45:00,server-2,32768,22827,9940,69.66
2025-01-03 12:50:00,server-2,32768,24534,8233,74.87
2025-01-03 12:55:00,server-2,32768,21050,11717,64.24
2025-01-03 13:00:00,server-2,32768,20251,12516,61.8
2025-01-03 13:05:00,server-2,32768,21796,10971,66.52
2025-01-03 13:10:00,server-2,32768,18562,14205,56.65
2025-01-03 13:15:00,server-2,32768,28146,4621,85.9
2025-01-03 13:20:00,server-2,32768,16031,16736,48.92
2025-01-03 13:25:00,server-2,32768,21904,10863,66.85
2025-01-03 13:30:00,server-2,32768,27930,4837,85.24
2025-01-03 13:35:00,server-2,32768,21321,11446,65.07
2025-01-03 13:40:00,server-2,32768,20676,12091,63.1
2025-01-03 13:45:00,server-2,32768,20127,12640,61.43
2025-01-03 13:50:00,server-2,32768,20708,12059,63.2
2025-01-03 13:55:00,server-2,32768,25797,6970,78.73
2025-01-03 14:00:00,server-2,32768,14051,18716,42.88
2025-01-03 14:05:00,server-2,32768,26323,6444,80.33
2025-01-03 14:10:00,server-2,32768,16633,16134,50.76
2025-01-03 14:15:00,server-2,32768,20425,12342,62.33
2025-01-03 14:20:00,server-2,32768,19892,12875,60.71
2025-01-03 14:25:00,server-2,32768,23227,9540,70.89
2025-01-03 14:30:00,server-2,32768,16062,16705,49.02
2025-01-03 14:35:00,server-2,32768,22813,9954,69.62
2025-01-03 14:40:00,server-2,32768,27932,4835,85.24
2025-01-03 14:45:00,server-2,32768,16832,15935,51.37
2025-01-03 14:50:00,server-2,32768,21920,10847,66.9
2025-01-03 14:55:00,server-2,32768,19130,13637,58.38
2025-01-03 15:00:00,server-2,32768,22694,10073,69.26
2025-01-03 15:05:00,server-2,32768,21361,11406,65.19
2025-01-03 15:10:00,server-2,32768,19197,13570,58.59
2025-01-03 15:15:00,server-2,32768,22897,9870,69.88
2025-01-03 15:20:00,server-2,32768,27211,5556,83.04
2025-01-03 15:25:00,server-2,32768,20673,12094,63.09
2025-01-03 15:30:00,server-2,32768,23657,9110,72.2
2025-01-03 15:35:00,server-2,32768,17061,15706,52.07
2025-01-03 15:40:00,server-2,32768,18165,14602,55.44
2025-01-03 15:45:00,server-2,32768,22847,9920,69.72
2025-01-03 15:50:00,server-2,32768,26162,6605,79.84
2025-01-03 15:55:00,server-2,32768,22464,10303,68.56
2025-01-03 16:00:00,server-2,32768,20273,12494,61.87
2025-01-03 16:05:00,server-2,32768,21296,11471,64.99
2025-01-03 16:10:00,server-2,32768,17201,15566,52.5
2025-01-03 16:15:00,server-2,32768,23280,9487,71.05
2025-01-03 16:20:00,server-2,32768,24190,8577,73.82
2025-01-03 16:25:00,server-2,32768,19817,12950,60.48
2025-01-03 16:30:00,server-2,32768,19758,13009,60.3
2025-01-03 16:35:00,server-2,32768,22170,10597,67.66
2025-01-03 16:40:00,server-2,32768,19868,12899,60.63
2025-01-03 16:45:00,server-2,32768,21082,11685,64.34
2025-01-03 16:50:00,server-2,32768,28179,4588,86.0
2025-01-03 16:55:00,server-2,32768,20489,12278,62.53
2025-01-03 17:00:00,server-2,32768,20124,12643,61.42
2025-01-03 17:05:00,server-2,32768,19177,13590,58.52
2025-01-03 17:10:00,server-2,32768,23737,9030,72.44
2025-01-03 17:15:00,server-2,32768,20705,12062,63.19
2025-01-03 17:20:00,server-2,32768,19171,13596,58.51
2025-01-03 17:25:00,server-2,32768,25628,7139,78.21
2025-01-03 17:30:00,server-2,32768,25950,6817,79.2
2025-01-03 17:35:00,server-2,32768,19331,13436,59.0
2025-01-03 17:40:00,server-2,32768,15182,17585,46.33
2025-01-03 17:45:00,server-2,32768,24600,8167,75.08
2025-01-03 17:50:00,server-2,32768,19055,13712,58.15
2025-01-03 17:55:00,server-2,32768,23889,8878,72.91
2025-01-03 18:00:00,server-2,32768,14843,17924,45.3
2025-01-03 18:05:00,server-2,32768,24224,8543,73.93
2025-01-03 18:10:00,server-2,32768,17330,15437,52.89
2025-01-03 18:15:00,server-2,32768,23693,9074,72.31
2025-01-03 18:20:00,server-2,32768,21345,11422,65.14
2025-01-03 18:25:00,server-2,32768,18173,14594,55.46
2025-01-03 18:30:00,server-2,32768,19965,12802,60.93
2025-01-03 18:35:00,server-2,32768,23548,9219,71.86
2025-01-03 18:40:00,server-2,32768,21646,11121,66.06
2025-01-03 18:45:00,server-2,32768,23214,9553,70.84
2025-01-03 18:50:00,server-2,32768,27775,4992,84.76
2025-01-03 18:55:00,server-2,32768,16173,16594,49.36
2025-01-03 19:00:00,server-2,32768,26598,6169,81.17
2025-01-03 19:05:00,server-2,32768,21641,11126,66.04
2025-01-03 19:10:00,server-2,32768,18354,14413,56.01
2025-01-03 19:15:00,server-2,32768,16940,15827,51.7
2025-01-03 19:20:00,server-2,32768,20679,12088,63.11
2025-01-03 19:25:00,server-2,32768,24319,8448,74.22
2025-01-03 19:30:00,server-2,32768,20881,11886,63.72
2025-01-03 19:35:00,server-2,32768,26250,6517,80.11
2025-01-03 19:40:00,server-2,32768,16543,16224,50.49
2025-01-03 19:45:00,server-2,32768,21259,11508,64.88
2025-01-03 19:50:00,server-2,32768,17195,15572,52.48
2025-01-03 19:55:00,server-2,32768,22490,10277,68.64
2025-01-03 20:00:00,server-2,32768,24205,8562,73.87
2025-01-03 20:05:00,server-2,32768,19920,12847,60.79
2025-01-03 20:10:00,server-2,32768,12765,20002,38.96
2025-01-03 20:15:00,server-2,32768,21951,10816,66.99
2025-01-03 20:20:00,server-2,32768,22730,10037,69.37
2025-01-03 20:25:00,server-2,32768,22623,10144,69.04
2025-01-03 20:30:00,server-2,32768,25348,7419,77.36
2025-01-03 20:35:00,server-2,32768,17789,14978,54.29
2025-01-03 20:40:00,server-2,32768,23528,9239,71.8
2025-01-03 20:45:00,server-2,32768,25206,7561,76.93
2025-01-03 20:50:00,server-2,32768,15471,17296,47.21
2025-01-03 20:55:00,server-2,32768,22346,10421,68.2
2025-01-03 21:00:00,server-2,32768,19647,13120,59.96
2025-01-03 21:05:00,server-2,32768,21032,11735,64.18
2025-01-03 21:10:00,server-2,32768,22438,10329,68.48
2025-01-03 21:15:00,server-2,32768,19702,13065,60.13
2025-01-03 21:20:00,server-2,32768,19085,13682,58.24
2025-01-03 21:25:00,server-2,32768,21411,11356,65.34
2025-01-03 21:30:00,server-2,32768,17736,15031,54.13
2025-01-03 21:35:00,server-2,32768,17741,15026,54.14
2025-01-03 21:40:00,server-2,32768,23525,9242,71.79
2025-01-03 21:45:00,server-2,32768,17534,15233,53.51
2025-01-03 21:50:00,server-2,32768,23482,9285,71.66
2025-01-03 21:55:00,server-2,32768,22815,9952,69.63
2025-01-03 22:00:00,server-2,32768,15644,17123,47.74
2025-01-03 22:05:00,server-2,32768,19078,13689,58.22
2025-01-03 22:10:00,server-2,32768,25212,7555,76.94
2025-01-03 22:15:00,server-2,32768,18084,14683,55.19
2025-01-03 22:20:00,server-2,32768,19777,12990,60.36
2025-01-03 22:25:00,server-2,32768,22813,9954,69.62
2025-01-03 22:30:00,server-2,32768,23866,8901,72.83
2025-01-03 22:35:00,server-2,32768,20474,12293,62.48
2025-01-03 22:40:00,server-2,32768,19341,13426,59.02
2025-01-03 22:45:00,server-2,32768,25960,6807,79.22
2025-01-03 22:50:00,server-2,32768,26997,5770,82.39
2025-01-03 22:55:00,server-2,32768,24506,8261,74.79
2025-01-03 23:00:00,server-2,32768,21578,11189,65.85
2025-01-03 23:05:00,server-2,32768,18650,14117,56.92
2025-01-03 23:10:00,server-2,32768,18577,14190,56.7
2025-01-03 23:15:00,server-2,32768,23011,9756,70.23
2025-01-03 23:20:00,server-2,32768,22670,10097,69.18
2025-01-03 23:25:00,server-2,32768,25891,6876,79.02
2025-01-03 23:30:00,server-2,32768,23430,9337,71.5
2025-01-03 23:35:00,server-2,32768,16373,16394,49.97
2025-01-03 23:40:00,server-2,32768,24746,8021,75.52
2025-01-03 23:45:00,server-2,32768,18028,14739,55.02
2025-01-03 23:50:00,server-2,32768,20041,12726,61.16
2025-01-03 23:55:00,server-2,32768,22119,10648,67.5
2025-01-04 00:00:00,server-2,32768,27838,4929,84.96
2025-01-04 00:05:00,server-2,32768,31129,1638,95.0
2025-01-04 00:10:00,server-2,32768,23287,9480,71.07
2025-01-04 00:15:00,server-2,32768,20698,12069,63.17
2025-01-04 00:20:00,server-2,32768,23050,9717,70.35
2025-01-04 00:25:00,server-2,32768,24207,8560,73.88
2025-01-04 00:30:00,server-2,32768,20248,12519,61.79
2025-01-04 00:35:00,server-2,32768,27181,5586,82.95
2025-01-04 00:40:00,server-2,32768,22053,10714,67.3
2025-01-04 00:45:00,server-2,32768,22930,9837,69.98
2025-01-04 00:50:00,server-2,32768,23481,9286,71.66
2025-01-04 00:55:00,server-2,32768,22680,10087,69.22
2025-01-04 01:00:00,server-2,32768,24048,8719,73.39
2025-01-04 01:05:00,server-2,32768,19276,13491,58.83
2025-01-04 01:10:00,server-2,32768,19469,13298,59.42
2025-01-04 01:15:00,server-2,32768,17694,15073,54.0
2025-01-04 01:20:00,server-2,32768,22739,10028,69.4
2025-01-04 01:25:00,server-2,32768,23851,8916,72.79
2025-01-04 01:30:00,server-2,32768,22799,9968,69.58
2025-01-04 01:35:00,server-2,32768,26786,5981,81.74
2025-01-04 01:40:00,server-2,32768,21280,11487,64.94
2025-01-04 01:45:00,server-2,32768,23490,9277,71.69
2025-01-04 01:50:00,server-2,32768,17721,15046,54.08
2025-01-04 01:55:00,server-2,32768,20030,12737,61.13
2025-01-04 02:00:00,server-2,32768,23578,9189,71.96
2025-01-04 02:05:00,server-2,32768,24081,8686,73.49
2025-01-04 02:10:00,server-2,32768,20335,12432,62.06
2025-01-04 02:15:00,server-2,32768,21064,11703,64.28
2025-01-04 02:20:00,server-2,32768,16325,16442,49.82
2025-01-04 02:25:00,server-2,32768,20129,12638,61.43
2025-01-04 02:30:00,server-2,32768,24216,8551,73.9
2025-01-04 02:35:00,server-2,32768,23184,9583,70.75
2025-01-04 02:40:00,server-2,32768,22939,9828,70.01
2025-01-04 02:45:00,server-2,32768,21462,11305,65.5
2025-01-04 02:50:00,server-2,32768,21322,11445,65.07
2025-01-04 02:55:00,server-2,32768,19135,13632,58.4
2025-01-04 03:00:00,server-2,32768,23589,9178,71.99
2025-01-04 03:05:00,server-2,32768,22678,10089,69.21
2025-01-04 03:10:00,server-2,32768,22911,9856,69.92
2025-01-04 03:15:00,server-2,32768,19575,13192,59.74
2025-01-04 03:20:00,server-2,32768,14243,18524,43.47
2025-01-04 03:25:00,server-2,32768,24894,7873,75.97
2025-01-04 03:30:00,server-2,32768,19730,13037,60.21
2025-01-04 03:35:00,server-2,32768,18472,14295,56.37
2025-01-04 03:40:00,server-2,32768,23571,9196,71.93
2025-01-04 03:45:00,server-2,32768,20014,12753,61.08
2025-01-04 03:50:00,server-2,32768,24772,7995,75.6
2025-01-04 03:55:00,server-2,32768,23321,9446,71.17
2025-01-04 04:00:00,server-2,32768,23539,9228,71.84
2025-01-04 04:05:00,server-2,32768,16823,15944,51.34
2025-01-04 04:10:00,server-2,32768,25270,7497,77.12
2025-01-04 04:15:00,server-2,32768,22155,10612,67.61
2025-01-04 04:20:00,server-2,32768,20089,12678,61.31
2025-01-04 04:25:00,server-2,32768,21769,10998,66.43
2025-01-04 04:30:00,server-2,32768,15478,17289,47.24
2025-01-04 04:35:00,server-2,32768,22638,10129,69.09
2025-01-04 04:40:00,server-2,32768,17926,14841,54.71
2025-01-04 04:45:00,server-2,32768,16866,15901,51.47
2025-01-04 04:50:00,server-2,32768,16310,16457,49.78
2025-01-04 04:55:00,server-2,32768,24945,7822,76.13
2025-01-04 05:00:00,server-2,32768,19237,13530,58.71
2025-01-04 05:05:00,server-2,32768,26324,6443,80.34
2025-01-04 05:10:00,server-2,32768,19543,13224,59.64
2025-01-04 05:15:00,server-2,32768,15704,17063,47.93
2025-01-04 05:20:00,server-2,32768,17640,15127,53.83
2025-01-04 05:25:00,server-2,32768,25348,7419,77.36
2025-01-04 05:30:00,server-2,32768,20788,11979,63.44
2025-01-04 05:35:00,server-2,32768,19502,13265,59.52
2025-01-04 05:40:00,server-2,32768,21823,10944,66.6
2025-01-04 05:45:00,server-2,32768,22943,9824,70.02
2025-01-04 05:50:00,server-2,32768,24960,7807,76.17
2025-01-04 05:55:00,server-2,32768,26045,6722,79.48
2025-01-04 06:00:00,server-2,32768,20120,12647,61.4
2025-01-04 06:05:00,server-2,32768,16954,15813,51.74
2025-01-04 06:10:00,server-2,32768,19944,12823,60.87
2025-01-04 06:15:00,server-2,32768,22152,10615,67.6
2025-01-04 06:20:00,server-2,32768,18141,14626,55.36
2025-01-04 06:25:00,server-2,32768,18162,14605,55.43
2025-01-04 06:30:00,server-2,32768,22425,10342,68.44
2025-01-04 06:35:00,server-2,32768,21139,11628,64.51
2025-01-04 06:40:00,server-2,32768,21406,11361,65.33
2025-01-04 06:45:00,server-2,32768,18813,13954,57.42
2025-01-04 06:50:00,server-2,32768,20544,12223,62.7
2025-01-04 06:55:00,server-2,32768,18270,14497,55.76
2025-01-04 07:00:00,server-2,32768,24216,8551,73.9
2025-01-04 07:05:00,server-2,32768,24691,8076,75.35
2025-01-04 07:10:00,server-2,32768,15249,17518,46.54
2025-01-04 07:15:00,server-2,32768,18253,14514,55.7
2025-01-04 07:20:00,server-2,32768,16395,16372,50.03
2025-01-04 07:25:00,server-2,32768,19169,13598,58.5
2025-01-04 07:30:00,server-2,32768,21025,11742,64.17
2025-01-04 07:35:00,server-2,32768,16549,16218,50.5
2025-01-04 07:40:00,server-2,32768,18278,14489,55.78
2025-01-04 07:45:00,server-2,32768,18009,14758,54.96
2025-01-04 07:50:00,server-2,32768,21978,10789,67.07
2025-01-04 07:55:00,server-2,32768,21526,11241,65.69
2025-01-04 08:00:00,server-2,32768,18934,13833,57.78
2025-01-04 08:05:00,server-2,32768,21878,10889,66.77
2025-01-04 08:10:00,server-2,32768,19507,13260,59.53
2025-01-04 08:15:00,server-2,32768,20409,12358,62.28
2025-01-04 08:20:00,server-2,32768,26782,5985,81.73
2025-01-04 08:25:00,server-2,32768,25691,7076,78.4
2025-01-04 08:30:00,server-2,32768,17040,15727,52.0
2025-01-04 08:35:00,server-2,32768,24018,8749,73.3
2025-01-04 08:40:00,server-2,32768,23957,8810,73.11
2025-01-04 08:45:00,server-2,32768,17536,15231,53.52
2025-01-04 08:50:00,server-2,32768,23982,8785,73.19
2025-01-04 08:55:00,server-2,32768,26338,6429,80.38
2025-01-04 09:00:00,server-2,32768,17620,15147,53.77
2025-01-04 09:05:00,server-2,32768,18292,14475,55.82
2025-01-04 09:10:00,server-2,32768,24633,8134,75.18
2025-01-04 09:15:00,server-2,32768,22188,10579,67.71
2025-01-04 09:20:00,server-2,32768,23106,9661,70.51
2025-01-04 09:25:00,server-2,32768,22415,10352,68.41
2025-01-04 09:30:00,server-2,32768,22579,10188,68.91
2025-01-04 09:35:00,server-2,32768,16952,15815,51.74
2025-01-04 09:40:00,server-2,32768,24731,8036,75.47
2025-01-04 09:45:00,server-2,32768,25131,7636,76.7
2025-01-04 09:50:00,server-2,32768,20547,12220,62.71
2025-01-04 09:55:00,server-2,32768,21156,11611,64.57
2025-01-04 10:00:00,server-2,32768,16282,16485,49.69
2025-01-04 10:05:00,server-2,32768,22984,9783,70.14
2025-01-04 10:10:00,server-2,32768,23173,9594,70.72
2025-01-04 10:15:00,server-2,32768,21095,11672,64.38
2025-01-04 10:20:00,server-2,32768,24983,7784,76.24
2025-01-04 10:25:00,server-2,32768,20204,12563,61.66
2025-01-04 10:30:00,server-2,32768,23149,9618,70.65
2025-01-04 10:35:00,server-2,32768,17957,14810,54.8
2025-01-04 10:40:00,server-2,32768,21222,11545,64.76
2025-01-04 10:45:00,server-2,32768,20727,12040,63.26
2025-01-04 10:50:00,server-2,32768,22037,10730,67.25
2025-01-04 10:55:00,server-2,32768,20088,12679,61.3
2025-01-04 11:00:00,server-2,32768,20868,11899,63.69
2025-01-04 11:05:00,server-2,32768,24005,8762,73.26
2025-01-04 11:10:00,server-2,32768,19868,12899,60.63
2025-01-04 11:15:00,server-2,32768,16034,16733,48.93
2025-01-04 11:20:00,server-2,32768,27032,5735,82.5
2025-01-04 11:25:00,server-2,32768,25825,6942,78.81
2025-01-04 11:30:00,server-2,32768,17064,15703,52.08
2025-01-04 11:35:00,server-2,32768,23559,9208,71.9
2025-01-04 11:40:00,server-2,32768,19651,13116,59.97
2025-01-04 11:45:00,server-2,32768,22162,10605,67.63
2025-01-04 11:50:00,server-2,32768,22263,10504,67.94
2025-01-04 11:55:00,server-2,32768,20531,12236,62.66
2025-01-04 12:00:00,server-2,32768,18730,14037,57.16
2025-01-04 12:05:00,server-2,32768,19036,13731,58.09
2025-01-04 12:10:00,server-2,32768,18297,14470,55.84
2025-01-04 12:15:00,server-2,32768,18573,14194,56.68
2025-01-04 12:20:00,server-2,32768,21079,11688,64.33
2025-01-04 12:25:00,server-2,32768,18953,13814,57.84
2025-01-04 12:30:00,server-2,32768,23534,9233,71.82
2025-01-04 12:35:00,server-2,32768,26172,6595,79.87
2025-01-04 12:40:00,server-2,32768,19398,13369,59.2
2025-01-04 12:45:00,server-2,32768,22083,10684,67.39
2025-01-04 12:50:00,server-2,32768,22936,9831,70.0
2025-01-04 12:55:00,server-2,32768,22845,9922,69.72
2025-01-04 13:00:00,server-2,32768,21548,11219,65.76
2025-01-04 13:05:00,server-2,32768,23732,9035,72.43
2025-01-04 13:10:00,server-2,32768,22879,9888,69.82
2025-01-04 13:15:00,server-2,32768,17243,15524,52.62
2025-01-04 13:20:00,server-2,32768,24147,8620,73.69
2025-01-04 13:25:00,server-2,32768,24206,8561,73.87
2025-01-04 13:30:00,server-2,32768,18798,13969,57.37
2025-01-04 13:35:00,server-2,32768,21423,11344,65.38
2025-01-04 13:40:00,server-2,32768,23538,9229,71.83
2025-01-04 13:45:00,server-2,32768,20613,12154,62.91
2025-01-04 13:50:00,server-2,32768,24815,7952,75.73
2025-01-04 13:55:00,server-2,32768,29045,3722,88.64
2025-01-04 14:00:00,server-2,32768,18723,14044,57.14
2025-01-04 14:05:00,server-2,32768,16773,15994,51.19
2025-01-04 14:10:00,server-2,32768,22294,10473,68.04
2025-01-04 14:15:00,server-2,32768,23663,9104,72.22
2025-01-04 14:20:00,server-2,32768,20542,12225,62.69
2025-01-04 14:25:00,server-2,32768,26061,6706,79.53
2025-01-04 14:30:00,server-2,32768,16912,15855,51.61
2025-01-04 14:35:00,server-2,32768,23569,9198,71.93
2025-01-04 14:40:00,server-2,32768,19313,13454,58.94
2025-01-04 14:45:00,server-2,32768,26933,5834,82.19
2025-01-04 14:50:00,server-2,32768,27828,4939,84.93
2025-01-04 14:55:00,server-2,32768,18787,13980,57.33
2025-01-04 15:00:00,server-2,32768,19498,13269,59.5
2025-01-04 15:05:00,server-2,32768,24115,8652,73.6
2025-01-04 15:10:00,server-2,32768,20030,12737,61.13
2025-01-04 15:15:00,server-2,32768,21150,11617,64.55
2025-01-04 15:20:00,server-2,32768,21382,11385,65.25
2025-01-04 15:25:00,server-2,32768,15008,17759,45.8
2025-01-04 15:30:00,server-2,32768,21253,11514,64.86
2025-01-04 15:35:00,server-2,32768,19039,13728,58.1
2025-01-04 15:40:00,server-2,32768,19683,13084,60.07
2025-01-04 15:45:00,server-2,32768,26029,6738,79.44
2025-01-04 15:50:00,server-2,32768,17181,15586,52.43
2025-01-04 15:55:00,server-2,32768,23963,8804,73.13
2025-01-04 16:00:00,server-2,32768,20385,12382,62.21
2025-01-04 16:05:00,server-2,32768,20382,12385,62.2
2025-01-04 16:10:00,server-2,32768,23889,8878,72.9
2025-01-04 16:15:00,server-2,32768,22413,10354,68.4
2025-01-04 16:20:00,server-2,32768,23168,9599,70.71
2025-01-04 16:25:00,server-2,32768,24471,8296,74.68
2025-01-04 16:30:00,server-2,32768,20213,12554,61.69
2025-01-04 16:35:00,server-2,32768,19293,13474,58.88
2025-01-04 16:40:00,server-2,32768,17743,15024,54.15
2025-01-04 16:45:00,server-2,32768,18594,14173,56.75
2025-01-04 16:50:00,server-2,32768,30962,1805,94.49
2025-01-04 16:55:00,server-2,32768,25377,7390,77.45
2025-01-04 17:00:00,server-2,32768,16871,15896,51.49
2025-01-04 17:05:00,server-2,32768,16965,15802,51.78
2025-01-04 17:10:00,server-2,32768,22878,9889,69.82
2025-01-04 17:15:00,server-2,32768,23092,9675,70.47
2025-01-04 17:20:00,server-2,32768,23097,9670,70.49
2025-01-04 17:25:00,server-2,32768,20463,12304,62.45
2025-01-04 17:30:00,server-2,32768,20888,11879,63.75
2025-01-04 17:35:00,server-2,32768,22373,10394,68.28
2025-01-04 17:40:00,server-2,32768,21580,11187,65.86
2025-01-04 17:45:00,server-2,32768,14026,18741,42.81
2025-01-04 17:50:00,server-2,32768,20546,12221,62.7
2025-01-04 17:55:00,server-2,32768,18509,14258,56.49
2025-01-04 18:00:00,server-2,32768,21873,10894,66.75
2025-01-04 18:05:00,server-2,32768,31081,1686,94.85
2025-01-04 18:10:00,server-2,32768,22503,10264,68.67
2025-01-04 18:15:00,server-2,32768,20271,12496,61.86
2025-01-04 18:20:00,server-2,32768,24319,8448,74.22
2025-01-04 18:25:00,server-2,32768,22880,9887,69.83
2025-01-04 18:30:00,server-2,32768,22675,10092,69.2
2025-01-04 18:35:00,server-2,32768,23287,9480,71.07
2025-01-04 18:40:00,server-2,32768,28038,4729,85.57
2025-01-04 18:45:00,server-2,32768,17593,15174,53.69
2025-01-04 18:50:00,server-2,32768,22851,9916,69.74
2025-01-04 18:55:00,server-2,32768,18263,14504,55.74
2025-01-04 19:00:00,server-2,32768,23119,9648,70.56
2025-01-04 19:05:00,server-2,32768,18288,14479,55.81
2025-01-04 19:10:00,server-2,32768,19931,12836,60.83
2025-01-04 19:15:00,server-2,32768,20332,12435,62.05
2025-01-04 19:20:00,server-2,32768,24496,8271,74.76
2025-01-04 19:25:00,server-2,32768,24308,8459,74.18
2025-01-04 19:30:00,server-2,32768,17217,15550,52.54
2025-01-04 19:35:00,server-2,32768,21479,11288,65.55
2025-01-04 19:40:00,server-2,32768,18974,13793,57.9
2025-01-04 19:45:00,server-2,32768,17175,15592,52.41
2025-01-04 19:50:00,server-2,32768,20588,12179,62.83
2025-01-04 19:55:00,server-2,32768,20288,12479,61.92
2025-01-04 20:00:00,server-2,32768,29251,3516,89.27
2025-01-04 20:05:00,server-2,32768,22717,10050,69.33
2025-01-04 20:10:00,server-2,32768,16785,15982,51.22
2025-01-04 20:15:00,server-2,32768,19448,13319,59.35
2025-01-04 20:20:00,server-2,32768,24646,8121,75.21
2025-01-04 20:25:00,server-2,32768,28142,4625,85.88
2025-01-04 20:30:00,server-2,32768,16102,16665,49.14
2025-01-04 20:35:00,server-2,32768,15139,17628,46.2
2025-01-04 20:40:00,server-2,32768,27429,5338,83.71
2025-01-04 20:45:00,server-2,32768,22575,10192,68.9
2025-01-04 20:50:00,server-2,32768,18453,14314,56.32
2025-01-04 20:55:00,server-2,32768,23051,9716,70.35
2025-01-04 21:00:00,server-2,32768,12662,20105,38.64
2025-01-04 21:05:00,server-2,32768,21310,11457,65.03
2025-01-04 21:10:00,server-2,32768,22373,10394,68.28
2025-01-04 21:15:00,server-2,32768,24327,8440,74.24
2025-01-04 21:20:00,server-2,32768,17976,14791,54.86
2025-01-04 21:25:00,server-2,32768,21579,11188,65.86
2025-01-04 21:30:00,server-2,32768,18266,14501,55.75
2025-01-04 21:35:00,server-2,32768,22136,10631,67.55
2025-01-04 21:40:00,server-2,32768,18365,14402,56.05
2025-01-04 21:45:00,server-2,32768,19961,12806,60.92
2025-01-04 21:50:00,server-2,32768,18036,14731,55.04
2025-01-04 21:55:00,server-2,32768,23432,9335,71.51
2025-01-04 22:00:00,server-2,32768,24112,8655,73.58
2025-01-04 22:05:00,server-2,32768,20530,12237,62.65
2025-01-04 22:10:00,server-2,32768,21424,11343,65.38
2025-01-04 22:15:00,server-2,32768,16552,16215,50.51
2025-01-04 22:20:00,server-2,32768,20317,12450,62.0
2025-01-04 22:25:00,server-2,32768,21134,11633,64.5
2025-01-04 22:30:00,server-2,32768,29887,2880,91.21
2025-01-04 22:35:00,server-2,32768,17655,15112,53.88
2025-01-04 22:40:00,server-2,32768,26097,6670,79.64
2025-01-04 22:45:00,server-2,32768,24565,8202,74.97
2025-01-04 22:50:00,server-2,32768,22218,10549,67.81
2025-01-04 22:55:00,server-2,32768,27061,5706,82.59
2025-01-04 23:00:00,server-2,32768,22518,10249,68.72
2025-01-04 23:05:00,server-2,32768,22574,10193,68.89
2025-01-04 23:10:00,server-2,32768,21125,11642,64.47
2025-01-04 23:15:00,server-2,32768,25308,7459,77.24
2025-01-04 23:20:00,server-2,32768,24892,7875,75.96
2025-01-04 23:25:00,server-2,32768,19248,13519,58.74
2025-01-04 23:30:00,server-2,32768,16976,15791,51.81
2025-01-04 23:35:00,server-2,32768,20634,12133,62.97
2025-01-04 23:40:00,server-2,32768,18677,14090,57.0
2025-01-04 23:45:00,server-2,32768,21091,11676,64.36
2025-01-04 23:50:00,server-2,32768,25354,7413,77.37
2025-01-04 23:55:00,server-2,32768,19800,12967,60.43
2025-01-05 00:00:00,server-2,32768,21158,11609,64.57
2025-01-05 00:05:00,server-2,32768,21489,11278,65.58
2025-01-05 00:10:00,server-2,32768,24079,8688,73.48
2025-01-05 00:15:00,server-2,32768,13936,18831,42.53
2025-01-05 00:20:00,server-2,32768,19311,13456,58.93
2025-01-05 00:25:00,server-2,32768,21991,10776,67.11
2025-01-05 00:30:00,server-2,32768,25231,7536,77.0
2025-01-05 00:35:00,server-2,32768,19687,13080,60.08
2025-01-05 00:40:00,server-2,32768,15150,17617,46.23
2025-01-05 00:45:00,server-2,32768,23329,9438,71.2
2025-01-05 00:50:00,server-2,32768,19217,13550,58.65
2025-01-05 00:55:00,server-2,32768,17400,15367,53.1
2025-01-05 01:00:00,server-2,32768,19253,13514,58.76
2025-01-05 01:05:00,server-2,32768,20694,12073,63.15
2025-01-05 01:10:00,server-2,32768,19317,13450,58.95
2025-01-05 01:15:00,server-2,32768,14072,18695,42.94
2025-01-05 01:20:00,server-2,32768,24238,8529,73.97
2025-01-05 01:25:00,server-2,32768,25476,7291,77.75
2025-01-05 01:30:00,server-2,32768,23434,9333,71.52
2025-01-05 01:35:00,server-2,32768,17571,15196,53.62
2025-01-05 01:40:00,server-2,32768,20638,12129,62.99
2025-01-05 01:45:00,server-2,32768,21277,11490,64.93
2025-01-05 01:50:00,server-2,32768,23261,9506,70.99
2025-01-05 01:55:00,server-2,32768,23489,9278,71.68
2025-01-05 02:00:00,server-2,32768,18893,13874,57.66
2025-01-05 02:05:00,server-2,32768,21567,11200,65.82
2025-01-05 02:10:00,server-2,32768,22797,9970,69.57
2025-01-05 02:15:00,server-2,32768,26069,6698,79.56
2025-01-05 02:20:00,server-2,32768,23607,9160,72.05
2025-01-05 02:25:00,server-2,32768,23884,8883,72.89
2025-01-05 02:30:00,server-2,32768,21573,11194,65.84
2025-01-05 02:35:00,server-2,32768,25920,6847,79.1
2025-01-05 02:40:00,server-2,32768,22641,10126,69.1
2025-01-05 02:45:00,server-2,32768,18477,14290,56.39
2025-01-05 02:50:00,server-2,32768,25897,6870,79.03
2025-01-05 02:55:00,server-2,32768,23586,9181,71.98
2025-01-05 03:00:00,server-2,32768,19847,12920,60.57
2025-01-05 03:05:00,server-2,32768,19727,13040,60.21
2025-01-05 03:10:00,server-2,32768,22271,10496,67.97
2025-01-05 03:15:00,server-2,32768,22816,9951,69.63
2025-01-05 03:20:00,server-2,32768,21945,10822,66.97
2025-01-05 03:25:00,server-2,32768,22319,10448,68.11
2025-01-05 03:30:00,server-2,32768,26869,5898,82.0
2025-01-05 03:35:00,server-2,32768,24810,7957,75.72
2025-01-05 03:40:00,server-2,32768,21923,10844,66.91
2025-01-05 03:45:00,server-2,32768,24383,8384,74.41
2025-01-05 03:50:00,server-2,32768,17915,14852,54.67
2025-01-05 03:55:00,server-2,32768,22603,10164,68.98
2025-01-05 04:00:00,server-2,32768,27227,5540,83.09
2025-01-05 04:05:00,server-2,32768,20584,12183,62.82
2025-01-05 04:10:00,server-2,32768,18521,14246,56.52
2025-01-05 04:15:00,server-2,32768,19162,13605,58.48
2025-01-05 04:20:00,server-2,32768,17728,15039,54.1
2025-01-05 04:25:00,server-2,32768,18727,14040,57.15
2025-01-05 04:30:00,server-2,32768,20085,12682,61.29
2025-01-05 04:35:00,server-2,32768,16693,16074,50.94
2025-01-05 04:40:00,server-2,32768,21350,11417,65.16
2025-01-05 04:45:00,server-2,32768,24255,8512,74.02
2025-01-05 04:50:00,server-2,32768,18324,14443,55.92
2025-01-05 04:55:00,server-2,32768,26277,6490,80.19
2025-01-05 05:00:00,server-2,32768,22972,9795,70.11
2025-01-05 05:05:00,server-2,32768,24676,8091,75.31
2025-01-05 05:10:00,server-2,32768,19143,13624,58.42
2025-01-05 05:15:00,server-2,32768,24099,8668,73.55
2025-01-05 05:20:00,server-2,32768,17721,15046,54.08
2025-01-05 05:25:00,server-2,32768,24216,8551,73.9
2025-01-05 05:30:00,server-2,32768,21862,10905,66.72
2025-01-05 05:35:00,server-2,32768,23112,9655,70.53
2025-01-05 05:40:00,server-2,32768,17447,15320,53.24
2025-01-05 05:45:00,server-2,32768,18366,14401,56.05
2025-01-05 05:50:00,server-2,32768,23256,9511,70.97
2025-01-05 05:55:00,server-2,32768,18191,14576,55.52
2025-01-05 06:00:00,server-2,32768,22817,9950,69.63
2025-01-05 06:05:00,server-2,32768,16819,15948,51.33
2025-01-05 06:10:00,server-2,32768,24078,8689,73.48
2025-01-05 06:15:00,server-2,32768,17260,15507,52.67
2025-01-05 06:20:00,server-2,32768,23108,9659,70.52
2025-01-05 06:25:00,server-2,32768,23349,9418,71.26
2025-01-05 06:30:00,server-2,32768,19016,13751,58.03
2025-01-05 06:35:00,server-2,32768,23206,9561,70.82
2025-01-05 06:40:00,server-2,32768,22152,10615,67.6
2025-01-05 06:45:00,server-2,32768,19533,13234,59.61
2025-01-05 06:50:00,server-2,32768,17994,14773,54.91
2025-01-05 06:55:00,server-2,32768,14868,17899,45.37
2025-01-05 07:00:00,server-2,32768,22444,10323,68.5
2025-01-05 07:05:00,server-2,32768,16171,16596,49.35
2025-01-05 07:10:00,server-2,32768,21611,11156,65.95
2025-01-05 07:15:00,server-2,32768,20435,12332,62.37
2025-01-05 07:20:00,server-2,32768,23524,9243,71.79
2025-01-05 07:25:00,server-2,32768,20309,12458,61.98
2025-01-05 07:30:00,server-2,32768,20219,12548,61.71
2025-01-05 07:35:00,server-2,32768,23697,9070,72.32
2025-01-05 07:40:00,server-2,32768,22397,10370,68.35
2025-01-05 07:45:00,server-2,32768,22335,10432,68.16
2025-01-05 07:50:00,server-2,32768,22836,9931,69.69
2025-01-05 07:55:00,server-2,32768,16267,16500,49.64
2025-01-05 08:00:00,server-2,32768,23779,8988,72.57
2025-01-05 08:05:00,server-2,32768,23306,9461,71.12
2025-01-05 08:10:00,server-2,32768,17967,14800,54.83
2025-01-05 08:15:00,server-2,32768,20499,12268,62.56
2025-01-05 08:20:00,server-2,32768,21170,11597,64.61
2025-01-05 08:25:00,server-2,32768,20858,11909,63.66
2025-01-05 08:30:00,server-2,32768,22393,10374,68.34
2025-01-05 08:35:00,server-2,32768,25989,6778,79.31
2025-01-05 08:40:00,server-2,32768,24843,7924,75.82
2025-01-05 08:45:00,server-2,32768,16999,15768,51.88
2025-01-05 08:50:00,server-2,32768,23337,9430,71.22
2025-01-05 08:55:00,server-2,32768,25653,7114,78.29
2025-01-05 09:00:00,server-2,32768,22566,10201,68.87
2025-01-05 09:05:00,server-2,32768,24874,7893,75.91
2025-01-05 09:10:00,server-2,32768,27893,4874,85.12
2025-01-05 09:15:00,server-2,32768,24653,8114,75.24
2025-01-05 09:20:00,server-2,32768,22116,10651,67.49
2025-01-05 09:25:00,server-2,32768,24723,8044,75.45
2025-01-05 09:30:00,server-2,32768,21773,10994,66.45
2025-01-05 09:35:00,server-2,32768,21377,11390,65.24
2025-01-05 09:40:00,server-2,32768,20147,12620,61.49
2025-01-05 09:45:00,server-2,32768,26422,6345,80.63
2025-01-05 09:50:00,server-2,32768,18617,14150,56.82
2025-01-05 09:55:00,server-2,32768,26320,6447,80.32
2025-01-05 10:00:00,server-2,32768,22937,9830,70.0
2025-01-05 10:05:00,server-2,32768,16713,16054,51.01
2025-01-05 10:10:00,server-2,32768,22503,10264,68.68
2025-01-05 10:15:00,server-2,32768,14417,18350,44.0
2025-01-05 10:20:00,server-2,32768,23348,9419,71.26
2025-01-05 10:25:00,server-2,32768,24199,8568,73.85
2025-01-05 10:30:00,server-2,32768,19358,13409,59.08
2025-01-05 10:35:00,server-2,32768,21704,11063,66.24
2025-01-05 10:40:00,server-2,32768,27702,5065,84.54
2025-01-05 10:45:00,server-2,32768,19641,13126,59.94
2025-01-05 10:50:00,server-2,32768,17829,14938,54.41
2025-01-05 10:55:00,server-2,32768,26154,6613,79.82
2025-01-05 11:00:00,server-2,32768,27730,5037,84.63
2025-01-05 11:05:00,server-2,32768,21311,11456,65.04
2025-01-05 11:10:00,server-2,32768,24613,8154,75.11
2025-01-05 11:15:00,server-2,32768,25694,7073,78.41
2025-01-05 11:20:00,server-2,32768,18866,13901,57.58
2025-01-05 11:25:00,server-2,32768,19708,13059,60.15
2025-01-05 11:30:00,server-2,32768,25332,7435,77.31
2025-01-05 11:35:00,server-2,32768,26820,5947,81.85
2025-01-05 11:40:00,server-2,32768,23143,9624,70.63
2025-01-05 11:45:00,server-2,32768,18416,14351,56.2
2025-01-05 11:50:00,server-2,32768,27810,4957,84.87
2025-01-05 11:55:00,server-2,32768,19559,13208,59.69
2025-01-05 12:00:00,server-2,32768,20201,12566,61.65
2025-01-05 12:05:00,server-2,32768,22420,10347,68.42
2025-01-05 12:10:00,server-2,32768,26391,6376,80.54
2025-01-05 12:15:00,server-2,32768,24097,8670,73.54
2025-01-05 12:20:00,server-2,32768,22658,10109,69.15
2025-01-05 12:25:00,server-2,32768,22817,9950,69.63
2025-01-05 12:30:00,server-2,32768,21441,11326,65.44
2025-01-05 12:35:00,server-2,32768,23128,9639,70.58
2025-01-05 12:40:00,server-2,32768,13010,19757,39.7
2025-01-05 12:45:00,server-2,32768,20327,12440,62.03
2025-01-05 12:50:00,server-2,32768,22089,10678,67.41
2025-01-05 12:55:00,server-2,32768,17527,15240,53.49
2025-01-05 13:00:00,server-2,32768,22565,10202,68.86
2025-01-05 13:05:00,server-2,32768,20629,12138,62.96
2025-01-05 13:10:00,server-2,32768,27051,5716,82.55
2025-01-05 13:15:00,server-2,32768,26453,6314,80.73
2025-01-05 13:20:00,server-2,32768,19772,12995,60.34
2025-01-05 13:25:00,server-2,32768,20804,11963,63.49
2025-01-05 13:30:00,server-2,32768,21056,11711,64.26
2025-01-05 13:35:00,server-2,32768,19819,12948,60.48
2025-01-05 13:40:00,server-2,32768,21938,10829,66.95
2025-01-05 13:45:00,server-2,32768,18814,13953,57.42
2025-01-05 13:50:00,server-2,32768,17594,15173,53.69
2025-01-05 13:55:00,server-2,32768,23339,9428,71.23
2025-01-05 14:00:00,server-2,32768,23362,9405,71.3
2025-01-05 14:05:00,server-2,32768,18663,14104,56.96
2025-01-05 14:10:00,server-2,32768,24233,8534,73.95
2025-01-05 14:15:00,server-2,32768,19229,13538,58.68
2025-01-05 14:20:00,server-2,32768,22128,10639,67.53
2025-01-05 14:25:00,server-2,32768,23987,8780,73.2
2025-01-05 14:30:00,server-2,32768,21189,11578,64.66
2025-01-05 14:35:00,server-2,32768,22789,9978,69.55
2025-01-05 14:40:00,server-2,32768,19606,13161,59.84
2025-01-05 14:45:00,server-2,32768,20655,12112,63.04
2025-01-05 14:50:00,server-2,32768,20624,12143,62.94
2025-01-05 14:55:00,server-2,32768,18852,13915,57.53
2025-01-05 15:00:00,server-2,32768,20719,12048,63.23
2025-01-05 15:05:00,server-2,32768,16224,16543,49.51
2025-01-05 15:10:00,server-2,32768,19689,13078,60.09
2025-01-05 15:15:00,server-2,32768,20365,12402,62.15
2025-01-05 15:20:00,server-2,32768,20459,12308,62.44
2025-01-05 15:25:00,server-2,32768,20507,12260,62.59
2025-01-05 15:30:00,server-2,32768,21096,11671,64.38
2025-01-05 15:35:00,server-2,32768,22870,9897,69.79
2025-01-05 15:40:00,server-2,32768,24164,8603,73.75
2025-01-05 15:45:00,server-2,32768,19170,13597,58.5
2025-01-05 15:50:00,server-2,32768,17356,15411,52.97
2025-01-05 15:55:00,server-2,32768,17884,14883,54.58
2025-01-05 16:00:00,server-2,32768,19702,13065,60.13
2025-01-05 16:05:00,server-2,32768,20146,12621,61.48
2025-01-05 16:10:00,server-2,32768,18776,13991,57.3
2025-01-05 16:15:00,server-2,32768,17052,15715,52.04
2025-01-05 16:20:00,server-2,32768,19804,12963,60.44
2025-01-05 16:25:00,server-2,32768,21893,10874,66.81
2025-01-05 16:30:00,server-2,32768,23248,9519,70.95
2025-01-05 16:35:00,server-2,32768,19472,13295,59.43
2025-01-05 16:40:00,server-2,32768,19945,12822,60.87
2025-01-05 16:45:00,server-2,32768,18262,14505,55.73
2025-01-05 16:50:00,server-2,32768,21196,11571,64.69
2025-01-05 16:55:00,server-2,32768,18519,14248,56.52
2025-01-05 17:00:00,server-2,32768,23177,9590,70.73
2025-01-05 17:05:00,server-2,32768,15447,17320,47.14
2025-01-05 17:10:00,server-2,32768,20120,12647,61.4
2025-01-05 17:15:00,server-2,32768,22285,10482,68.01
2025-01-05 17:20:00,server-2,32768,21901,10866,66.84
2025-01-05 17:25:00,server-2,32768,30123,2644,91.93
2025-01-05 17:30:00,server-2,32768,22445,10322,68.5
2025-01-05 17:35:00,server-2,32768,18009,14758,54.96
2025-01-05 17:40:00,server-2,32768,20986,11781,64.05
2025-01-05 17:45:00,server-2,32768,15478,17289,47.24
2025-01-05 17:50:00,server-2,32768,21035,11732,64.19
2025-01-05 17:55:00,server-2,32768,18569,14198,56.67
2025-01-05 18:00:00,server-2,32768,24298,8469,74.15
2025-01-05 18:05:00,server-2,32768,19498,13269,59.5
2025-01-05 18:10:00,server-2,32768,20916,11851,63.83
2025-01-05 18:15:00,server-2,32768,19216,13551,58.64
2025-01-05 18:20:00,server-2,32768,26997,5770,82.39
2025-01-05 18:25:00,server-2,32768,20246,12521,61.79
2025-01-05 18:30:00,server-2,32768,27304,5463,83.33
2025-01-05 18:35:00,server-2,32768,23967,8800,73.14
2025-01-05 18:40:00,server-2,32768,22878,9889,69.82
2025-01-05 18:45:00,server-2,32768,22507,10260,68.69
2025-01-05 18:50:00,server-2,32768,22589,10178,68.94
2025-01-05 18:55:00,server-2,32768,14982,17785,45.72
2025-01-05 19:00:00,server-2,32768,20385,12382,62.21
2025-01-05 19:05:00,server-2,32768,24068,8699,73.45
2025-01-05 19:10:00,server-2,32768,21138,11629,64.51
2025-01-05 19:15:00,server-2,32768,16694,16073,50.95
2025-01-05 19:20:00,server-2,32768,21127,11640,64.48
2025-01-05 19:25:00,server-2,32768,26883,5884,82.04
2025-01-05 19:30:00,server-2,32768,25385,7382,77.47
2025-01-05 19:35:00,server-2,32768,21096,11671,64.38
2025-01-05 19:40:00,server-2,32768,24416,8351,74.51
2025-01-05 19:45:00,server-2,32768,20098,12669,61.33
2025-01-05 19:50:00,server-2,32768,15715,17052,47.96
2025-01-05 19:55:00,server-2,32768,18269,14498,55.76
2025-01-05 20:00:00,server-2,32768,26420,6347,80.63
2025-01-05 20:05:00,server-2,32768,20401,12366,62.26
2025-01-05 20:10:00,server-2,32768,20501,12266,62.57
2025-01-05 20:15:00,server-2,32768,20316,12451,62.0
2025-01-05 20:20:00,server-2,32768,27538,5229,84.04
2025-01-05 20:25:00,server-2,32768,26627,6140,81.26
2025-01-05 20:30:00,server-2,32768,28569,4198,87.19
2025-01-05 20:35:00,server-2,32768,20778,11989,63.41
2025-01-05 20:40:00,server-2,32768,22267,10500,67.96
2025-01-05 20:45:00,server-2,32768,16329,16438,49.83
2025-01-05 20:50:00,server-2,32768,26138,6629,79.77
2025-01-05 20:55:00,server-2,32768,17472,15295,53.32
2025-01-05 21:00:00,server-2,32768,22009,10758,67.17
2025-01-05 21:05:00,server-2,32768,17703,15064,54.03
2025-01-05 21:10:00,server-2,32768,19369,13398,59.11
2025-01-05 21:15:00,server-2,32768,18555,14212,56.63
2025-01-05 21:20:00,server-2,32768,19307,13460,58.92
2025-01-05 21:25:00,server-2,32768,19532,13235,59.61
2025-01-05 21:30:00,server-2,32768,19502,13265,59.52
2025-01-05 21:35:00,server-2,32768,24029,8738,73.33
2025-01-05 21:40:00,server-2,32768,17678,15089,53.95
2025-01-05 21:45:00,server-2,32768,22021,10746,67.21
2025-01-05 21:50:00,server-2,32768,25290,7477,77.18
2025-01-05 21:55:00,server-2,32768,19617,13150,59.87
2025-01-05 22:00:00,server-2,32768,18946,13821,57.82
2025-01-05 22:05:00,server-2,32768,20543,12224,62.69
2025-01-05 22:10:00,server-2,32768,25164,7603,76.8
2025-01-05 22:15:00,server-2,32768,21935,10832,66.94
2025-01-05 22:20:00,server-2,32768,19558,13209,59.69
2025-01-05 22:25:00,server-2,32768,22884,9883,69.84
2025-01-05 22:30:00,server-2,32768,17687,15080,53.98
2025-01-05 22:35:00,server-2,32768,23531,9236,71.81
2025-01-05 22:40:00,server-2,32768,22638,10129,69.09
2025-01-05 22:45:00,server-2,32768,20290,12477,61.92
2025-01-05 22:50:00,server-2,32768,18551,14216,56.61
2025-01-05 22:55:00,server-2,32768,18393,14374,56.13
2025-01-05 23:00:00,server-2,32768,23051,9716,70.35
2025-01-05 23:05:00,server-2,32768,25326,7441,77.29
2025-01-05 23:10:00,server-2,32768,19210,13557,58.63
2025-01-05 23:15:00,server-2,32768,22801,9966,69.58
2025-01-05 23:20:00,server-2,32768,14460,18307,44.13
2025-01-05 23:25:00,server-2,32768,19383,13384,59.15
2025-01-05 23:30:00,server-2,32768,21197,11570,64.69
2025-01-05 23:35:00,server-2,32768,18318,14449,55.9
2025-01-05 23:40:00,server-2,32768,18230,14537,55.63
2025-01-05 23:45:00,server-2,32768,19111,13656,58.32
2025-01-05 23:50:00,server-2,32768,22256,10511,67.92
2025-01-05 23:55:00,server-2,32768,20685,12082,63.13
